{"company_info": {"Company Description": "TFG VACATIONS INDIA PRIVATE LIMITEDTFG VACATIONS INDIA PVT.LTD, one of the fast growing company in Travel &amp; Tourism, is providing home based business opportunity.\u00a0 We need committed &amp; result-oriented people who can join hands with us &amp; contribute in the promotion &amp; success of our BUSINESS. Earn HUGE benefits in form of INCOME (weekly/monthly), FREEBIES &amp; an excellent opportunity to BUILD your own NETWORK &amp; VISIBILITY in the TOURISM sector. Come &amp; work in a no target, no selling, no work pressure, no time boundation &amp; no boss environment", "Email": "info@tfgholidays.com", "Company Name": "TFG VACATIONS   INDIA PRIVATE LIMITED", "Telephone": "9711169683"}, "api_data": {"job_location": ["Davanagere", "Kolar", "Dharwad", "Bellary", "Bidar", "Gulbarga", "Belgaum", "Mangalore", "Mysore", "Hubli"], "jd_id": "8072895", "job_keywords": ["internet media", " facebook marketing", " online advertising", " internet marketing", " online branding", " web marketing", " web promotion", " mobile marketing", " google adwords", " digital marketing"], "job_industry": "Travel / Tourism", "company_name": "TFG VACATIONS   INDIA PRIVATE LIMITED", "job_experience": "0 to 1 Yr", "job_title": "Part Time Group Manager, Interactive Marketing"}, "other_details": {"Other Skills:": ["internet media", "facebook marketing", "online advertising", "internet marketing", "online branding", "web marketing", "web promotion", "mobile marketing", "google adwords", "digital marketing"], "Industry:": ["Travel / Tourism"], "Department:": ["Networking", "Internet Marketing"]}, "topbox_information": {"salary_information": "Rs 2.5  - 4.5 Lakh/Yr"}, "jd_information": {"description": "We need candidates for part time /work from home .who spend 2-3 hrs on daily basis and earn handsome money per week .No target .No time boundation.Anyone can apply right away.Call Now or Whats app @ 9711169683&nbsp;"}, "_id": "8072895"}