{"company_info": {"Company Description": "NARAYANI HOLIDAYS AND HOSPITALITY was established in the year 2008 by Ms. Princy K D our Managing Director having the main object to provide most efficient and flawless travel services to the tourists visiting to various destinations of Karnataka State. Since then Narayani Holidays and Hospitality has grown constantly adding branch offices in Delhi, Mumbai, Ahmedabad, Pune, Chennai, Hyderabad and Kochi cities.", "Email": "info@narayaniholidays.com", "Company Name": "Narayani Holidays and Hospitality"}, "api_data": {"job_location": ["Bangalore"], "jd_id": "8074101", "job_keywords": ["audit", " accounting", " taxation", " tally", "balance", " sheet", " concepts"], "job_industry": "Travel / Tourism", "company_name": "Narayani Holidays and Hospitality", "job_experience": "2 to 3 Yrs", "job_title": "Looking for Experienced Professionals who has exposure in Direct Tax"}, "other_details": {"Other Skills:": ["balance", "sheet", "concepts"], "Department:": ["Finance / Accounts / Tax"], "Industry:": ["Travel / Tourism"], "Skills:": ["audit", "accounting", "taxation", "tally"]}, "topbox_information": {"salary_information": "Rs 3.0  - 3.5 Lakh/Yr"}, "jd_information": {"description": "Dear Professional,&nbsp; &nbsp; &nbsp;The role is exciting as it involves handling the Tax Function at a Group level. This being an In house position candidate shall get complete knowledge of taxation system of the organization.&nbsp; &nbsp; &nbsp; Skillsets we would like to see you exhibit, Role specific skillsets: Direct Tax:Roles &amp; Responsibilites:Handling Scrutiny Matters &amp; representation before Tax Authorities&nbsp;TDS return filing periodicallyHandling statutory payments like TDSPreparation of Tax Audit Report U/s 44 AB Firm / Corporate Tax Returns FillingPreparing certificates for making payments to non-residents in Form 15CA/CBMaking Application for Lower TDS &amp; preparation &amp; Submission of necessary data U/s 197Preparing accounts and tax return of individual partners of the firm.&nbsp;Indirect Tax:Making Application for SIES refundHandling Scrutiny / Service Tax Audits &amp; representation before DepartmentService Tax / GST return filling periodicallyHandling Statutory Payments like GST / Service TaxRegards,AshwiniHR TeamNarayani Holidays &amp; Hospitality"}, "_id": "8074101"}