{"company_info": {"Company Name": "ResBird Technologies Pvt. Ltd. (Amadeus India)"}, "api_data": {"job_location": ["Delhi"], "jd_id": "8077452", "job_keywords": ["Ticketing", "Reservation ", "  Travel"], "job_industry": "Travel / Tourism", "company_name": "ResBird Technologies Pvt. Ltd. (Amadeus India)", "job_experience": "0 to 5 Yrs", "job_title": "Travel Process"}, "other_details": {"Other Skills:": ["Reservation", "Travel"], "Department:": ["Reservation / Ticketing"], "Industry:": ["Travel / Tourism"], "Skills:": ["Ticketing"]}, "topbox_information": {"salary_information": ""}, "jd_information": {"description": ""}, "_id": "8077452"}