{"company_info": {"Company Name": "ResBird Technologies Pvt. Ltd. (Amadeus India)"}, "api_data": {"job_location": ["Delhi"], "jd_id": "8077438", "job_keywords": ["Ticketing ", "  GDS", "Travel Help Desk Executive"], "job_industry": "Travel / Tourism", "company_name": "ResBird Technologies Pvt. Ltd. (Amadeus India)", "job_experience": "1 to 2 Yrs", "job_title": "Travel Help Desk Executive"}, "other_details": {"Other Skills:": ["Travel Help Desk Executive"], "Department:": ["Technical Support / Helpdesk"], "Industry:": ["Travel / Tourism"], "Skills:": ["Ticketing", "GDS"]}, "topbox_information": {"salary_information": ""}, "jd_information": {"description": ""}, "_id": "8077438"}