{"company_info": {"Company Description": "Belivit HR Solutions | Recruitment Professionals |Address C-95, Lower Gound Floor,Lajpat Nagar 1, New Delhi \u2013 110024.9997274780, 9599898758,\u00a09599898710,8800545942,\u00a09971789087,011-40586033", "Email": "contact@belivitjobs.com", "Company Name": "Belivit HR Solutions Hiring For Travel Process", "Telephone": "9997274780"}, "api_data": {"job_location": ["Gurugram"], "jd_id": "8080589", "job_keywords": ["travel", " customer service", "  bpo", " travel process", " international process", " fresher"], "job_industry": "Travel / Tourism", "company_name": "Belivit HR Solutions Hiring For Travel Process", "job_experience": "0 to 4 Yrs", "job_title": "Hiring for an International Airline process. Call 9997274780, 9599898758"}, "other_details": {"Other Skills:": ["travel", "customer service", "bpo", "travel process", "international process", "fresher"], "Industry:": ["Travel / Tourism"], "Department:": ["Customer Service (International)"]}, "topbox_information": {"salary_information": "Rs 2.0  - 2.5 Lakh/Yr"}, "jd_information": {"description": "About the AirlineThe Airline's inaugural flight was to Paris on May 31st, 2012 and in October that same year it&nbsp;took over the flight operations of Iceland Express.The Airline&nbsp;has grown rapidly since its inaugural flight in 2012. The airline carried over 400,000 guests in 2013 and was the most punctual airline in Iceland that year. It&nbsp;reached an important milestone in December 2014 when the airline carried its one millionth guest. It is estimated that it's annual passenger capacity will grow from approximately 1.6 million in 2016 to over 3 million in 2017.Job Location : GurgaonDesignation : Process Associate - Customer Service (Blended Process)Salary: Upto 20,000 per month + Lucrative Incentives + Transport reimbursementShifts: 24*7Both Freshers or Experienced eligibleContact us to apply or know more:Belivit HR Solutions9997274780, 9599898758,&nbsp;9599898710,&nbsp;8800545942,&nbsp;9971789087&nbsp;"}, "_id": "8080589"}