{"company_info": {"Company Name": "Jobhub Staffing Solutions"}, "api_data": {"job_location": ["Gurugram"], "jd_id": "8085348", "job_keywords": ["Plan  ", "   prepare f", " ecasts on a timely basis f", "  review"], "job_industry": "Travel / Tourism", "company_name": "Jobhub Staffing Solutions", "job_experience": "0 to 1 Yr", "job_title": "Reservations Executive"}, "other_details": {"Other Skills:": ["Plan", "prepare f", "ecasts on a timely basis f", "review"], "Industry:": ["Travel / Tourism"], "Department:": ["Reservation / Ticketing"]}, "topbox_information": {"salary_information": ""}, "jd_information": {"description": ""}, "_id": "8085348"}