{"company_info": {"Company Description": "Talent Corner is a Recruitment Company Head Quartered In Mumbai, incorporated in the year of 2002.We have partnered with various set of clients across the industry to fulfill the vacancies of their organization.&nbsp;", "Email": "tina.shah@talentcorner.in", "Company Name": "Talent Corner HR Services Pvt Ltd Hiring For Our Client A Travel Company", "Telephone": "9722545454"}, "api_data": {"job_location": ["Bangalore"], "jd_id": "8087903", "job_keywords": ["negotiation", " management", " marketing", " industry", " commercial", " sales", " english", " communication", " presentation", " b2b", "development", " business", " office", " business development management", " skills", " travel", " calling", " ms", " cold", " corporate", " sales management"], "job_industry": "Travel / Tourism", "company_name": "Talent Corner HR Services Pvt Ltd Hiring For Our Client A Travel Company", "job_experience": "1 to 4 Yrs", "job_title": "Business Development Executive(corporate Sales)- Travel Company."}, "other_details": {"Other Skills:": ["development", "business", "office", "business development management", "skills", "travel", "calling", "ms", "cold", "corporate", "sales management"], "Department:": ["Sales / BD"], "Industry:": ["Travel / Tourism"], "Skills:": ["negotiation", "management", "marketing", "industry", "commercial", "sales", "english", "communication", "presentation", "b2b"]}, "topbox_information": {"salary_information": "Rs 50,000  - 3.0 Lakh/Yr"}, "jd_information": {"description": "Gather complete information about various product/services of the company.*identify market potential for the product/services of the Company*Candidate will be responsible to identify &amp; give presentation to existing and new customers.*Revenue Generation and Achieve the Target*Excellent Communication &amp; Presentation Skills with pleasing personality.*The ability to speak with confidence about a range of products/services*Provide accurate, complete and comprehensive responses to bid and sales leads.*Cold calling - perform any sales, prospect and appointment calls to help generate leads.*Preparing estimates and quotations for customers.*Develop the new clients.*Build the relationship with the global companies.&nbsp;*Improve the service level with your experience.&nbsp;&nbsp;&nbsp;Requirements:&nbsp;&gt; Excellent written and spoken English&gt; Creative, hard-working with the ability to take the initiative to deliver results.&gt; Preferred industry background: Travel Sales, Corporate Sales.&nbsp;&gt; Exposure to B2B, Institutional/corporate sales.&nbsp;Characteristics person:&nbsp;&gt; Communication skills&nbsp;&gt; Open mindset&nbsp;&nbsp;&gt; Commercial skills&nbsp;&gt; Negotiation skills&nbsp;Apply on tina.shah@talentcorner.in with current and expected CTC and Notice Period."}, "_id": "8087903"}