{"company_info": {"Company Description": "future corporate solutionWe are an established HR Solutions Provider with excellent track record and reputed clientele. We have been chosen as 'HR Solutions provider' by many brand names, market leaders and companies of almost all scales and sectors. We provide \u201c360 Degree Solution to Your Needs\u201d. Our Strength\u00a0is\u00a0to\u00a0help clients to reach their objective through constantly getting the right people and to help human resource right opportunities through \u00a0INSPIER.\u00a0I\u00a0 hereby feeling immense pleasure in introducing FUTURE CORPORATE SOLUTIONS as leading quality recruitment solutions provider with experience in the Industrial sectors like Interior,Auto mobile, Hospitals &amp; Diagnostic\u00a0centre, Construction Engineering, Electronic, Manufacturing,Export,IT,BPO,Real Estate-Constructions &amp; Broker firm, Hospitality, FMCG, Food, Security etc. We are also Thankful to you to sharing your valuable time with us. We are catering our services in PAN INDIA, with our corporate office located at Gurgaon. *Our\u00a0recruitment\u00a0packages\u00a0are prepared\u00a0 &amp; upfront*.", "Email": "rashmihr2015@gmail.com", "Company Name": "Future Corporate Solution", "Telephone": "9773526172"}, "api_data": {"job_location": ["Delhi"], "jd_id": "8089679", "job_keywords": ["industry", " sales", ""], "job_industry": "Travel / Tourism", "company_name": "Future Corporate Solution", "job_experience": "1 to 2 Yrs", "job_title": "Sales consultants"}, "other_details": {"Department:": ["Sales / BD", "Reservation / Ticketing"], "Industry:": ["Travel / Tourism"], "Skills:": ["industry", "sales"]}, "topbox_information": {"salary_information": "Rs 2.5  - 3.5 Lakh/Yr"}, "jd_information": {"description": "Company: Tour and Travel industryProfile:Sales consultantsLocation: Pitampura,DelhiExp: 1-2 yr in tour and travel industriesSalary: 15-30 k&nbsp;RegardsRashmi MehraMob: 9773526172rashmihr2015@gmail.com"}, "_id": "8089679"}