{"company_info": {"Email": "hr.neha91@outlook.com", "Company Name": "[Company Hidden]", "Telephone": "9999825876"}, "api_data": {"job_location": ["Gurugram", "Delhi"], "jd_id": "8089663", "job_keywords": ["process", " international", " travel"], "job_industry": "Travel / Tourism", "company_name": "[Company Hidden]", "job_experience": "0 to 2 Yrs", "job_title": "International Travel process as a Executive / Sr. Executive - Quality Analyst"}, "other_details": {"Other Skills:": ["process", "international", "travel"], "Industry:": ["Travel / Tourism"], "Department:": ["Tour / Travel Management"]}, "topbox_information": {"salary_information": "Rs 50,000  - 3.0 Lakh/Yr"}, "jd_information": {"description": "Dear Candidates,We are having urgent requirements for the international Travel Process&nbsp;Executive / Sr. Executive - Quality Analyst /travel consultants Profile for Gurgaon Location, We are not taking any kind of charge for placement services.Hr. Neha+91-9999825876&nbsp;&nbsp;&nbsp;Experience : 6 months to 1 Years of experience preferred in International profileLocation : Gurgaon&nbsp;Shifts &ndash; Rotational&nbsp;Salary - Max. up-to 40k( Plus incentives)&nbsp;KEY SKILLS:Excellent verbal, written and listening skillsShould have good command over Grammar and Fluency in EnglishShould not have any MTI while conversingDetails of several functions to provide quality serviceGood knowledge of computersAbility to Write/type messages to ensure professional tone&nbsp;JOB SUMMARY:This position requires the candidate to be pro-active, energetic, high on ethics and on-the-toes so as to render services for the following tasks effectivelyDESIRED CANDIDATE PROFILE:&middot; Education qualifications &ndash; HSC/Any Graduate&middot; Excellent interpersonal skills&middot; Should not be below 18 years of age. Graduate with any GDS (Amadeus/Sabre/Gallelio/Apollo)&nbsp;&nbsp; Knowledge.Flexible to work in rotational shifts as per US Hours, according to business needs&nbsp;ContactHr. Neha+91-9999825876&nbsp;Or mail Your CV at hr.neha91@outlook.com"}, "_id": "8089663"}