{"company_info": {"Email": "info@jjindia.co.in", "Company Name": "J.J. India Hiring For J.J. India", "Telephone": "9811008929"}, "api_data": {"job_location": ["Delhi"], "jd_id": "8090481", "job_keywords": ["ticketing", "executive"], "job_industry": "Travel / Tourism", "company_name": "J.J. India Hiring For J.J. India", "job_experience": "1 to 3 Yrs", "job_title": "Required Ticketing Executive for Travel Co at Lajpat Nagar"}, "other_details": {"Other Skills:": ["executive"], "Department:": ["Reservation / Ticketing"], "Industry:": ["Travel / Tourism"], "Skills:": ["ticketing"]}, "topbox_information": {"salary_information": "Rs 1.5  - 2.5 Lakh/Yr"}, "jd_information": {"description": "Required Ticketing Executive for Travel Co at Lajpat Nagar-1, New&nbsp;Delhi.&nbsp;Candidate should be graduate and&nbsp;should have experience in airlines ticketing. Should have knowledge of travel software like Amedus and Gelalio etcSalary- 15K-20KContact Ajay at J J INDIA, B-108, 2nd Floor, Lajpat Nagar, Part-1, Opp Metro Pillar No.3, New Delhi-110048, Ph: 9811008929, Email: info@jjindia.co.in"}, "_id": "8090481"}