{"company_info": {"Email": "neha.em@merajob.in", "Company Name": "Mera Job India pvt ltd Hiring For Kore Voyages LLP"}, "api_data": {"job_location": ["Delhi"], "jd_id": "8091645", "job_keywords": ["online sales", " tour packages sales"], "job_industry": "Travel / Tourism", "company_name": "Mera Job India pvt ltd Hiring For Kore Voyages LLP", "job_experience": "0 to 5 Yrs", "job_title": "Online Sales Executive-Travel Sales"}, "other_details": {"Other Skills:": ["online sales", "tour packages sales"], "Industry:": ["Travel / Tourism"], "Department:": ["Sales / BD"]}, "topbox_information": {"salary_information": "Rs 50,000  - 3.0 Lakh/Yr"}, "jd_information": {"description": "Selection Criteria"}, "_id": "8091645"}