{"company_info": {"Company Description": "Post\u00a0 HELPER, DRIVER, SUPERVISOR, STORE KEEPER, PLAMBER, COOCKING, COMPUTER OPRETER , ELECTRONOCS ENGINEER, MECINAL ENG,(IND Salary monthly \u2013 34,000/- to 80,000/-Qualifications accepted- 0-10th12thgraduates ,Mba, B-tech,other,Jobs Location ( Malaysia ,Dubai ,Saudi Arab, Qatar , Kuwait ,)for more details please contact us.CALL +91-9871727076 , Other- +91-8178087999 ,8920850671ASST.MR-SHIV AKG\u00a0\u00a0\u00a0\u00a0\u00a0\u00a0 Mr- NAMIUMEmail id-\u00a0 Akgaviation777@gmail.comCall us,free- office time 900am to 800pmHEAD BRANCH,NEW DELHI-110042.ROHINI SEC-18.", "Email": "Akgaviation777@gmail.com", "Company Name": "HR Management Services Hiring For CANDIDATES", "Telephone": "9871727076"}, "api_data": {"job_location": ["Noida", "Kochi", "Ghaziabad", "Malappuram", "Other Kerala", "Gurugram", "Kollam", "Faridabad", "Thrissur", "Delhi"], "jd_id": "8097903", "job_keywords": ["basic", " cooking", " production", " tech", " hindi", " english", " electronics", " store", "ms", " office"], "job_industry": "Travel / Tourism", "company_name": "HR Management Services Hiring For CANDIDATES", "job_experience": "0 to 1 Yr", "job_title": "HIRE PANASONICS LTD TRAVEL,TOURISM, HELPER, ELECTRINICS, COMPUTER OPRETER ,"}, "other_details": {"Other Skills:": ["ms", "office"], "Department:": ["Maintenance", "Site Engineering / Project Management"], "Industry:": ["Travel / Tourism"], "Skills:": ["basic", "cooking", "production", "tech", "hindi", "english", "electronics", "store"]}, "topbox_information": {"salary_information": "Rs 4.5  - 10 Lakh/Yr"}, "jd_information": {"description": "Post: HELPER, DRIVER, SUPERVISOR, STORE KEEPER, PL-AMBER, COOKING, COMPUTER OPERATOR , ELECTRONICS ENGINEER, MECHANICAL&nbsp; ENG,&nbsp;(IND Salary monthly &ndash; 34,000/- to 80,000/-&nbsp;Qualifications accepted- 0-10th 12th graduates ,Mba, B-tech,other,Jobs Location: ( Malaysia ,Dubai ,Saudi Arab, Qatar , Kuwait ,)for more details please contact us.CALL +91-9871727076MR-GK SHIVEmail id- Akgaviation777@gmail.comCall us,free- office time 9:00am to 8:00pmHEAD BRANCH,NEW DELHI-110042.ROHINI SEC-18.&nbsp;"}, "_id": "8097903"}