{"company_info": {"Email": "thmumbai@yahoo.co.in", "Company Name": "Talent Hunters Manpower Solutions", "Telephone": "8879967806"}, "api_data": {"job_location": ["Mumbai City"], "jd_id": "8100293", "job_keywords": ["mice", "product costing", " costing", " contracting", " itinerary", " tour operations"], "job_industry": "Travel / Tourism", "company_name": "Talent Hunters Manpower Solutions", "job_experience": "2 to 5 Yrs", "job_title": "MICE TOUR EXECUTIVE"}, "other_details": {"Other Skills:": ["product costing", "costing", "contracting", "itinerary", "tour operations"], "Department:": ["Tour / Travel Management"], "Industry:": ["Travel / Tourism"], "Skills:": ["mice"]}, "topbox_information": {"salary_information": "Rs 2.0  - 4.0 Lakh/Yr"}, "jd_information": {"description": "Work on the profile mentioned below on urgent basisPosition : &nbsp;:DOMESTIC MICE SALES&nbsp;Requirement : Immediate&middot; Sound Destination Knowledge :DOMESTIC OVER ALL&middot; Efficient Communicator: Across Partners, Destination Management Companies , Sales Teams and Stakeholders.&middot; Leadership : Display ability to lead from the front and deliver on team responsibilities independently.&nbsp;Location: FortDepartment: Sr.Exe-MICE&nbsp;Experience: Minimum 5 yrs.&nbsp;&nbsp;&nbsp;if you interested,please revert back to mail&nbsp;REGARDS,MADHURI"}, "_id": "8100293"}