{"company_info": {"Company Description": "Sufi ConsultancyAboutSufi is a metaphor for the idea of spiritual abundance; the material success can be achieved in a soul satisfying manner with work life balance and lasting happiness if the power of Sufi principles is used in corporate settings. The Corporate Sufi approach today has gained a worldwide acclaim. Sufi consultancy with its firm belief in enhancing human quotient as an important aspect of Human development is an initiative for consultancy services for Individuals seeking education or recruitment and the Institutes seeking strategies for their growth. The consultancy runs under the aegis of Human Quotient Society for Humanity.", "Email": "suficonsultancy.com@gmail.com", "Company Name": "Sufi Consultancy", "Telephone": "9039075060"}, "api_data": {"job_location": ["Pathankot", "Kapurthala", "Bathinda", "Patiala", "Amritsar", "Jalandhar", "Ludhiana", "Fatehgarh Sahib", "Ferozpur", "Hoshiarpur"], "jd_id": "8102915", "job_keywords": ["operations", " tourism", " ticketing", "customer", " skills", " tour", " back office support", " service"], "job_industry": "Travel / Tourism", "company_name": "Sufi Consultancy", "job_experience": "0 to 2 Yrs", "job_title": "Domestic/International Tour Consultant"}, "other_details": {"Other Skills:": ["customer", "skills", "tour", "back office support", "service"], "Department:": ["Back Office Operations", "Customer Service (International)"], "Industry:": ["Travel / Tourism"], "Skills:": ["operations", "tourism", "ticketing"]}, "topbox_information": {"salary_information": "Rs 1.5  - 2.0 Lakh/Yr"}, "jd_information": {"description": "Job DescriptionMinimumqualification-Graduate/Post Graduate in any stream&nbsp;Experience-Only Experienced (minimum 6 months)&nbsp;Responsibilities-&nbsp;&bull; Ability to handle packages (National / International)&bull; Knowledge about national/international vendors for tour packages.&bull; Air Ticketing / hotel bookings&bull; Deals with travel agents or retailers&bull; Making online reservations&bull; Coordinate all travel logistics/Transportation&bull; Guide the travellers through the tour&rsquo;s itinerary&bull; Co-ordinating with clients for visa documentation and application.&bull; Should be able to convert leads and can do chat and voice call with customers.&middot; Be able to interact and convince corporates for make bookings through our travel agency&middot; Cold calling and fixing meetings &ndash; field marketing&nbsp;Skills and competencies-&nbsp;&bull; Have ability to work in team&bull; Good communication skills in English, Hindi and local language&bull; Personally motivated and positive Attitude&bull; Knowledge of computer&nbsp;"}, "_id": "8102915"}