{"company_info": {"Company Description": "We are one of the growing full service Recruitment Solutions in India.Waays &amp; Solutions is \u00a0specialized in \u00a0Human Resource service provider offering Manpower recruitment services to major Corporate &amp; MNC\u2019s in India.We recruit across a wide range of industries and at all position levels.Our primary activity is Permanent staff recruitment for either single, large volume or ongoing staffing requirements.We recruit at all employment levels from junior to senior and across a broad range of employee categories and sectors.", "Email": "hr4waysandsolution@gmail.com", "Company Name": "waays and solutions Pvt. ltd.", "Telephone": "7045748797"}, "api_data": {"job_location": ["Mumbai City"], "jd_id": "8105121", "job_keywords": ["marketing", " management", " sales", " telesales", "development", " office", " business", " domestic calling", " ms", " outbound sales", " outbound calling"], "job_industry": "Travel / Tourism", "company_name": "waays and solutions Pvt. ltd.", "job_experience": "0 to 3 Yrs", "job_title": "Telea-marketing Executive"}, "other_details": {"Other Skills:": ["development", "office", "business", "domestic calling", "ms", "outbound sales", "outbound calling"], "Department:": ["Pre-Sales"], "Industry:": ["Travel / Tourism"], "Skills:": ["marketing", "management", "sales", "telesales"]}, "topbox_information": {"salary_information": "< Rs 50,000  - 1.5 Lakh/Yr"}, "jd_information": {"description": "Job profile :Tele-marketing ExecutiveAge :20-30yrsNote:Candidates should have good communication skills and should be Mumbai local.Job description:Candidate should be a minimum 12 th passShould be good in communication skills with a good thought process (English proficiency inparticular)Preferably should have atleast 6 months to 1 years experience in tele-marketing. Freshersare also considered provided they are absolutely familiar with the tele-marketing industryand the pressure involved in itShould be target oriented&nbsp;Should be comfortable working on Saturday &amp; SundayWould get any one weekly off between Monday to Thursday.Candidates interested can forward their updated resumes on U or can call me on 7045787497.You also refer your friends who are looking the jobs for the same.Thankyou.RegardsAfsha7045787497."}, "_id": "8105121"}