{"company_info": {"Company Description": "OM Sai Management Consulting ServicesContact-0120-4968379www.osmgmtservices.comE-mail ID- Jobs@osmgmtservices.com", "Email": "jobs@osmgmtservices.com", "Company Name": "OM Sai Management Consulting Services Hiring For OM Sai Management Consulting Services", "Telephone": "7065044020"}, "api_data": {"job_location": ["Gurugram"], "jd_id": "8105131", "job_keywords": ["operations", " management", " tourism", "operator", " travel", " ms", " tour", " office"], "job_industry": "Travel / Tourism", "company_name": "OM Sai Management Consulting Services Hiring For OM Sai Management Consulting Services", "job_experience": "0 to 4 Yrs", "job_title": "Required Tour Executive"}, "other_details": {"Other Skills:": ["operator", "travel", "ms", "tour", "office"], "Department:": ["Tour / Travel Management", "Tour / Travel Guide"], "Industry:": ["Travel / Tourism"], "Skills:": ["operations", "management", "tourism"]}, "topbox_information": {"salary_information": "Rs 1.5  - 3.0 Lakh/Yr"}, "jd_information": {"description": "Dear Candidate,Required-Tour Executive&nbsp;Experience-0-4 YearsSalary-Upto Rs. 22000 PMJob Location-Gurugram, Sector-37Job Description-Holiday Packages Hotel Contracting Hotel Costing Tour Plans Tour Costing Tour Executive Tour Consultant Tours Outbound Outbound Tours Holidays Hotel Rate Hotel reservation Hotel Booking Tour Hotel Front Office Tour Analyst Travel&nbsp;Kindly share us your updated resume ASAP.Thanks &amp; RegardsReenu TiwariContact-+91-7065044020/21E-mail-jobs@osmgmtservices.comwww.osmgmtservices.com&nbsp;&nbsp;&nbsp;"}, "_id": "8105131"}