{"company_info": {"Company Description": "Cozmo Travel World Pvt LtdLaunched in September 2016 with a vision to offer#11;customised travel solutions for independent and corporate travelers, Cozmo Travel India has#11;fast established a name for itself within India. With a complete range of world-class products and consultancy services that support businesses and individuals alike, Cozmo Travel reflects the perfect blend of global expertise and local knowledge.", "Email": "hrindia@cozmotravel.com", "Company Name": "Cozmo Travel Private Limited", "Telephone": "022-71004499"}, "api_data": {"job_location": ["Navi Mumbai", "Thane", "Mumbai City"], "jd_id": "8111125", "job_keywords": ["galileo", " b2c", " ticketing", " b2b", "tax audit", " product development", " corporate travel", " team management", " product management", " international ticketing", " fare audit"], "job_industry": "Travel / Tourism", "company_name": "Cozmo Travel Private Limited", "job_experience": "5 to 10 Yrs", "job_title": "Manager - Ticketing"}, "other_details": {"Other Skills:": ["tax audit", "product development", "corporate travel", "team management", "product management", "international ticketing", "fare audit"], "Department:": ["Reservation / Ticketing", "Tour / Travel Management"], "Industry:": ["Travel / Tourism"], "Skills:": ["galileo", "b2c", "ticketing", "b2b"]}, "topbox_information": {"salary_information": ""}, "jd_information": {"description": "JOB DESCRIPTION:-&nbsp;QUALIFICATION &amp; SKILLS :-"}, "_id": "8111125"}