{"company_info": {"Company Description": "Thank you for giving us an opportunity to present&nbsp;Integrated Recruitment Solutions from Shine.com \u2013 HT Media Ltd, India\u2019s 2nd&nbsp;largest Job Board&nbsp;to your esteemed organization.We are confident that our solutions will reduce your turnaround time, enhance your productivity with easy to use interface, and maximize the return on investment.", "Email": "bhawana.shivajobservices@gmail.com", "Company Name": "Easybusiness", "Telephone": "7838118827"}, "api_data": {"job_location": ["Gurugram"], "jd_id": "8115383", "job_keywords": ["hiring", " english", "customer", " service", " office", " skills", " ms", " voice"], "job_industry": "Travel / Tourism", "company_name": "Easybusiness", "job_experience": "0 to 1 Yr", "job_title": "Urgent hiring for Travel Industry voice & Backend & Email  Process"}, "other_details": {"Other Skills:": ["customer", "service", "office", "skills", "ms", "voice"], "Department:": ["Back Office Operations", "Customer Service (International)"], "Industry:": ["Travel / Tourism"], "Skills:": ["hiring", "english"]}, "topbox_information": {"salary_information": "Rs 1.5  - 2.5 Lakh/Yr"}, "jd_information": {"description": "Dear Candidate,Greetings!!!Shiva Job Services (FBD)We have urgent hiring for&nbsp;Voice &amp; Non Voice process in Travel MNC Company.Job location in Gurgaon.Good Communication.5 days working.Rotational Shift.Fresher &amp; Experience both can apply.Under Gradduate &amp; Graduate both are welccome.Sal 12 to 23k depend on interview.Any GDS (Amadeus/Sabre/Galileo/Apollo/World span) Knowledge.Contact us for apply this job Asap.&nbsp;Thanks &amp; RegardsBhawana Gupta7838118827"}, "_id": "8115383"}