{"company_info": {"Company Description": "TFG VACATIONS INDIA PRIVATE LIMITEDTFG VACATIONS INDIA PVT.LTD, one of the fast growing company in Travel &amp; Tourism industry is providing online income opportunity.We need committed &amp; result-oriented people who can join hands with us &amp; contribute in the promotion.Earn huge benefits in form of income (weekly/monthly).Come &amp; work in a no target, no selling, no work pressure, no time Boundation &amp; no boss environment", "Email": "info@tfgholidays.com", "Company Name": "TFG VACATIONS   INDIA PRIVATE LIMITED", "Telephone": "9711169683"}, "api_data": {"job_location": ["Junagarh", "Gandhinagar", "Jamnagar", "Rajkot", "Gir", "Porbandar", "Surat", "Vadodara", "Kandla", "Mehsana"], "jd_id": "8115625", "job_keywords": ["internet media", " facebook marketing", " online advertising", " internet marketing", " online branding", " web marketing", " web promotion", " mobile marketing", " google adwords", " digital marketing"], "job_industry": "Travel / Tourism", "company_name": "TFG VACATIONS   INDIA PRIVATE LIMITED", "job_experience": "0 to 1 Yr", "job_title": "Hiring online promotion home Based work"}, "other_details": {"Other Skills:": ["internet media", "facebook marketing", "online advertising", "internet marketing", "online branding", "web marketing", "web promotion", "mobile marketing", "google adwords", "digital marketing"], "Industry:": ["Travel / Tourism"], "Department:": ["Networking", "Internet Marketing"]}, "topbox_information": {"salary_information": "Rs 2.5  - 4.5 Lakh/Yr"}, "jd_information": {"description": "TFG VACATIONS INDIA PVT.LTD, one of the fast growing company in Travel &amp; Tourism industry is providing online income opportunity.We need committed &amp; result-oriented people who can join hands with us &amp; contribute in the promotion.Earn huge benefits in form of income (weekly/monthly).Come &amp; work in a no target, no selling, no work pressure, no time Boundation &amp; no boss environment.&nbsp;Call Now or Whats app @&nbsp;9711169683&nbsp;"}, "_id": "8115625"}