{"company_info": {"Company Description": "Alliance Recruitment Agency", "Company Name": "Alliance Recruitment Agency"}, "api_data": {"job_location": ["Ahmedabad"], "jd_id": "8125246", "job_keywords": ["suppliers  ", "   exp", " ters of Dec", "   Dec", "  paper ", "   Dec", " ative paper ", "   deco printing paper"], "job_industry": "Travel / Tourism", "company_name": "Alliance Recruitment Agency", "job_experience": "1 to 2 Yrs", "job_title": "Forklift Drivers"}, "other_details": {"Other Skills:": ["suppliers", "exp", "ters of Dec", "Dec", "paper", "Dec", "ative paper", "deco printing paper"], "Industry:": ["Travel / Tourism"], "Department:": ["Administration / Facility / Transport"]}, "topbox_information": {"salary_information": ""}, "jd_information": {"description": ""}, "_id": "8125246"}