{"company_info": {"Company Description": "Post\u00a0Account FemaleLocation\u00a0Jogeshwari MumbaiQualification\u00a0B.ComSalary Depend upon ExperienceKindly find the COMPANY DETAILS below;Name of Corporate -\u00a0Shree Gala Tours &amp; TravelNo of employees -11\u00a0- 25Weekly off- As per company rulesBonus- As per company rulesPF- As per company rulesMediclaim - As per company rulesCL / SL - After 3 monthsAppraisal- As per performance at regular intervalsDistance from station- 15 mins walking distanceEmployees ratings 4.8 Stars out 5 starts_ (This ratings are been given by employees currently working in this company) _We have a permanent job opening for you. Call back immediately on\u00a09821185255 / 7710005550Or E-mail me immediately on\u00a0shreegalatravels@gmail.com", "Email": "shreegalatravels@gmail.com", "Company Name": "Success Manpower Services1", "Telephone": "9821185255"}, "api_data": {"job_location": ["Mumbai City"], "jd_id": "8126573", "job_keywords": ["accountant", " account"], "job_industry": "Travel / Tourism", "company_name": "Success Manpower Services1", "job_experience": "1 to 3 Yrs", "job_title": "Required Account Female at Jogeshwari Mumbai for Shree Gala Tours & Travel"}, "other_details": {"Other Skills:": ["accountant", "account"], "Industry:": ["Travel / Tourism"], "Department:": ["Finance / Accounts / Tax"]}, "topbox_information": {"salary_information": "< Rs 50,000  - 2.5 Lakh/Yr"}, "jd_information": {"description": "Post: Account FemaleLocation: Jogeshwari MumbaiQualification:&nbsp;B.ComSalary Depend upon ExperienceKindly find the COMPANY DETAILS below;Name of Corporate - Shree Gala Tours &amp; TravelNo of employees -11&nbsp;- 25Weekly off- As per company rulesBonus- As per company rulesPF- As per company rulesMediclaim - As per company rulesCL / SL - After 3 monthsAppraisal- As per performance at regular intervalsDistance from station- 15 mins walking distanceEmployees ratings 4.8 Stars out 5 starts_ (This ratings are been given by employees currently working in this company) _&nbsp;We have a permanent job opening for you. Call back immediately on 9821185255 / 7710005550Or E-mail me immediately on shreegalatravels@gmail.com"}, "_id": "8126573"}