{"company_info": {"Company Description": "Talent Hunters Manpower Solutions, a recruitment consultancy, providing jobs to cnadidates in corporate sector as well as in BPOs.Adress Shop no 47, Cine Prime Mall, Cinemax Prime mall, kanakia, Beverly park, Mira Road east.", "Email": "hr.thms123@gmail.com", "Company Name": "Talent Hunters Manpower Solutions", "Telephone": "9867311024"}, "api_data": {"job_location": ["Mumbai City"], "jd_id": "8126401", "job_keywords": ["telecalling", " telesales", " customer service"], "job_industry": "Travel / Tourism", "company_name": "Talent Hunters Manpower Solutions", "job_experience": "1 to 2 Yrs", "job_title": "Urgent Opening For Sr.Sales Executive for tour travel industry"}, "other_details": {"Other Skills:": ["telecalling", "telesales", "customer service"], "Industry:": ["Travel / Tourism"], "Department:": ["Sales / BD"]}, "topbox_information": {"salary_information": "Rs 1.5  - 2.5 Lakh/Yr"}, "jd_information": {"description": "* Should have Excellent Communication Skills and Convincing Power.* Fluent in English* Should be able to work with a Team.* Good at Computers.* Female Candidates Only.* Selling Domestic &amp; International Holiday packages Via Calls.&nbsp;&nbsp;Thanks &amp; RegardsPinky"}, "_id": "8126401"}