{"company_info": {"Company Description": "We are established recruitment firm providing manpower in hyderabad , bangalore , delhi ncr , kolkata , ahmadabad , pune , mumbai in manufacturing , electrical , automobile , IT , tours &amp; travels , hotels , aviation , insurance , banking , finance .", "Email": "solution.hr04@gmail.com", "Company Name": "Career Strategy Solutions Hiring For Travel and Conferences", "Telephone": "9873139718"}, "api_data": {"job_location": ["Delhi"], "jd_id": "8126421", "job_keywords": ["studio", " autocad", "stall designing", " creative designer", " graphics designer", " max", " creative 3d desginer", " modelling", " exhibitions stall designer", " 3d designer", " creative graphic desginer", " 3d"], "job_industry": "Travel / Tourism", "company_name": "Career Strategy Solutions Hiring For Travel and Conferences", "job_experience": "3 to 6 Yrs", "job_title": "3D Designer - Exhibitions & Stalll"}, "other_details": {"Other Skills:": ["stall designing", "creative designer", "graphics designer", "max", "creative 3d desginer", "modelling", "exhibitions stall designer", "3d designer", "creative graphic desginer", "3d"], "Department:": ["Graphic Design"], "Industry:": ["Travel / Tourism"], "Skills:": ["studio", "autocad"]}, "topbox_information": {"salary_information": "Rs 3.5  - 4.5 Lakh/Yr"}, "jd_information": {"description": "Hiring 3D Designer for Exhibitions and Stall Designing for Delhi.Job Title: 3D DesignerRequirement:Excellent designing ability to convert the creative briefs into visually appealing layouts/ artworks.Passionate to think out of the box and create cutting edge ideas under pressure and meeting tough deadlines.Responsibilities:&middot; Creating 2D/3D models and Animating 2D/3D Models, short videos, designing and creatingstoryboards, etc.&middot; To be able to make thematic set, stage designs, Retail Display Units, Exhibition stalls&middot; Creating &amp; Conceptualizing layouts, advertisement, brochures, fliers, hand outs etc.&middot; Ensuring that designs are applicable as per production standards.&middot; Preparing the element list of the design.&middot; Has a research oriented thought process.&middot; Ability to work on tough timelines.Skill Set:&middot; Good technical knowledge of 3D software - Max / Maya / Vray.&middot; Knowledge of Graphic designing will be an added advantage&middot; knowledge of production material and print technology.Candidate should have 4 to 5 years similar experienceSalary - upto 40k per monthInterested Candidates send your resume with portfolio link on solution.hr04@gmail.com or call us on&nbsp; 9873139718 / 9560093132&nbsp;"}, "_id": "8126421"}