{"company_info": {"Company Description": "Angel Blues Solution", "Company Name": "Angel Blues Solution"}, "api_data": {"job_location": ["Kozhikode"], "jd_id": "8131576", "job_keywords": ["Accounting ", "   C", "p", " ate Finance ", "   Rep", " ting Skills ", "  Data Entry Management"], "job_industry": "Travel / Tourism", "company_name": "Angel Blues Solution", "job_experience": "1 to 5 Yrs", "job_title": "Accounts Executive"}, "other_details": {"Other Skills:": ["p", "ate Finance", "Rep", "ting Skills", "Data Entry Management"], "Department:": ["Finance / Accounts / Tax"], "Industry:": ["Travel / Tourism"], "Skills:": ["Accounting", "C"]}, "topbox_information": {"salary_information": ""}, "jd_information": {"description": ""}, "_id": "8131576"}