{"company_info": {"Company Description": "TripSolutionOnline.comis an online travel booking portal of\u00a0Aall Solution Trip India Private Limited\u00a0&amp; company is established in January 2015.The company is providing its clients with\u00a0hassle free services especially in travel industry. The company today has grown in prominence to become\u00a0one of the leading Travel Company. In\u00a0 a\u00a0 quest to provide\u00a0best-in-class services, our team continuously strives to add\u00a0more products &amp; services giving our clients numerous options for selecting their dream leisure &amp; vacations.VisionFor a tour and travels company, we do pretty much everything \u2013 from booking hotel rooms and flights to offering international vacation packages, as well as helping you locate the most popular travel destinations in India. In addition, we not only deal in economical international vacation packages, but also specialize in customized tourist destination packages within India.We are no ordinary tour operator in India. We know that time is in short supply for everyone, and that\u2019s why we strive harder each day to make that one vacation you take or that one business conference you attend as comfortable and memorable as we possibly can. Our aim is to not provide you with just any package that fits your budget, but to provide you an experience that you\u2019ll cherish for years to come.The objective is to get you the best for every penny\u2019s worth, because for us, booking your vacation or blocking dates for an official trip aren\u2019t just business transactions, rather opportunities to delight you. You see, we believe that happy customers make happy companies. And we practice it too. And that\u2019s where the difference lies - between us and the other travel agencies in India.MissionTo make the travel experience of every individual completely\u00a0worry free by providing services that are innovative to provide our client the highest standard of services wherein each and every individual availing our services is a happy and satisfied customer.", "Email": "vinodjha_hrd@yahoo.co.in", "Company Name": "tripsolutiononline.com", "Telephone": "9993994513"}, "api_data": {"job_location": ["Nagpur"], "jd_id": "8136539", "job_keywords": ["marketing", " management", " sales", "development", " channel", " business"], "job_industry": "Travel / Tourism", "company_name": "tripsolutiononline.com", "job_experience": "2 to 7 Yrs", "job_title": "Territory Sales Officer - B2B - Nagpur"}, "other_details": {"Other Skills:": ["development", "channel", "business"], "Department:": ["Sales / BD"], "Industry:": ["Travel / Tourism"], "Skills:": ["marketing", "management", "sales"]}, "topbox_information": {"salary_information": "Rs 1.0  - 2.0 Lakh/Yr"}, "jd_information": {"description": "The primary role of the TSM/TSO is to prospect for new clients/Franchise/Travel Agents by networking, references, cold calling,advertising or other means of generating interest from potential clients. They must then plan persuasive approaches andpitches that will convince potential clients to do business with the company. They must develop a rapport with new clients, andset targets for sales and provide support that will continually improve the relationship. They are also required to grow andretain existing accounts by presenting new solutions and services to clients.TSM/TSO work with mid and senior levelmanagement, marketing, and technical staff. He/she may manage the activities of others responsible for developing businessfor the company. Strategic planning is a key part of this job description, since it is the TSM/TSO&rsquo;s esposiility to deelop thepipeline of new business coming in to the company. This requires a thorough knowledge of the market, the solutions/servicesthe opay a poide, ad of the opay&rsquo;s opetitos. While the exact responsibilities will vary from company tocompany, the main duties of the TSM/TSO can be summarized as follows:New Business Developmento Prospect for potential new clients/TA and turn this into increased business.o Cold call as appropriate within your market or geographic area to ensure a robust pipeline of opportunities.o Meet potential clients by growing, maintaining, and leveraging your network.o Identify potential clients, and the decision makers within the client organization.o Research and build relationships with new clients.o Set up meetings between client decision makes ad opay&rsquo;s patie leades / Principals.o Plan approaches and pitches.o Wok ith tea to deelop poposals that speaks to the liet&rsquo;s eeds, oes, ad ojeties.o Participate in pricing the solution/service.o Handle objections by clarifying, emphasizing agreements and working through differences to a positive conclusion.o Use a variety of styles to persuade or negotiate appropriately.o Present an image that mirrors that of the client.Business Development Planningo Attend industry functions, such as association events and conferences, and provide feedback and information on market andcreative trends.o Present to and consult with mid and senior level management on business trends with a view to developing new services,products and distribution/ franchise channels.o Identify opportunities for campaigns, services and distribution channels that will lead to an increase in sales.o Usig koledge of the aket ad opetitos, idetify ad deelop the opay&rsquo;s uiue sellig popositios addifferentiators.Management and Researcho Submit weekly/monthly progress reports and ensure data is accurate.o Esue that data is auately eteed ad aaged ithi the opay&rsquo;s CRM o othe sales aageet syste.o Forecast sales targets and ensure they are met by the team.o Track and record activity on accounts and help to close deals to meet these targets.o Work with marketing staff to ensure that prerequisites (like prequalification or getting on a Travel Agents list) are fulfilledwithin a timely manner.o Ensure all team members represent the company in the best light.o Present business development training and mentoring to business developers and other internal staff.o Reseah ad deelop a thoough udestadig of the opay&rsquo;s people ad apailities.o Undestad the opay&rsquo;s goal ad pupose so that ill otiual to ehae the opay&rsquo;s pefoae."}, "_id": "8136539"}