{"company_info": {"Company Description": "Career Marshal ( A Group Company of Seventy9 DealsIndia Pvt Ltd.) .We are Leading Online Job Portal and HR consultants.Hire for different sectors like Hospitality,BPO,Banking,Retail,Travel,Etc.&nbsp;&nbsp;&nbsp;", "Email": "Afreen.careermarshal@gmail.com", "Company Name": "Seventy9 Deals India Pvt Ltd", "Telephone": "9999558662"}, "api_data": {"job_location": ["Gurugram"], "jd_id": "8136085", "job_keywords": ["travel sales", " international sales", " international process", " holiday packages"], "job_industry": "Travel / Tourism", "company_name": "Seventy9 Deals India Pvt Ltd", "job_experience": "0 to 5 Yrs", "job_title": "Hiring for Travel Sales Consultant"}, "other_details": {"Other Skills:": ["travel sales", "international sales", "international process", "holiday packages"], "Industry:": ["Travel / Tourism"], "Department:": ["Tour / Travel Management"]}, "topbox_information": {"salary_information": "Rs 2.5  - 4.5 Lakh/Yr"}, "jd_information": {"description": "&nbsp;&nbsp;Intrested candidates can drop their CV at Afreen.careermarshal@gmail.comContact: AfreenNo.: 9999558662"}, "_id": "8136085"}