{"company_info": {"Company Description": "We\u00a0\u201cLeom International\" (ISO Certified 9001  2015) established in 2014, our head office located in Punjab is very close to Chandigarh Domestic and International Airports. We have our domestic branches in Punjab, Haryana, Himachal Pradesh, New Delhi, Uttrakhand, and Rajasthan. Here, Our expertise lies in offering complete support to client companies for meeting the recruitment and staffing needs in industries like, Mechanical and Civil Construction, hospitality etc. The package includes handling complete aspects of profile from sourcing, selection, shortlisting, interviews and recruitment", "Email": "anuja.leom@gmail.com", "Company Name": "Leom    International", "Telephone": "7814939241"}, "api_data": {"job_location": ["Chandigarh"], "jd_id": "8137943", "job_keywords": ["ticketing", " air", "hotel booking ", " tour package booking"], "job_industry": "Travel / Tourism", "company_name": "Leom    International", "job_experience": "1 to 2 Yrs", "job_title": "Looking For Candidate(Tour travels / Air Ticketing)"}, "other_details": {"Other Skills:": ["hotel booking", "tour package booking"], "Department:": ["Reservation / Ticketing"], "Industry:": ["Travel / Tourism"], "Skills:": ["ticketing", "air"]}, "topbox_information": {"salary_information": "Rs 1.5  - 2.0 Lakh/Yr"}, "jd_information": {"description": "&nbsp;Looking For Candidate(Tour travels / Air Ticketing)Location: - ZirkpurNo. of Positions: 05(Female Required)Salary: 10k -20K (Depends upon Experience)Exp: Minimum 1 yearQualification: AnyInterested candidates can call me at 7814939241 (Anuja) and drop ur cv at anuja.leom@gmail.com"}, "_id": "8137943"}