{"company_info": {"Company Name": "Unique World"}, "api_data": {"job_location": ["Surat"], "jd_id": "8140750", "job_keywords": ["Amadeus ", "   Galileo ", "   Sabre ", "   APS", "Online Ticketing ", "   MS Excel ", "   MSOutlook ", "   enhancing"], "job_industry": "Travel / Tourism", "company_name": "Unique World", "job_experience": "6 to 7 Yrs", "job_title": "Travel Consultant"}, "other_details": {"Other Skills:": ["Online Ticketing", "MS Excel", "MSOutlook", "enhancing"], "Department:": ["Reservation / Ticketing"], "Industry:": ["Travel / Tourism"], "Skills:": ["Amadeus", "Galileo", "Sabre", "APS"]}, "topbox_information": {"salary_information": ""}, "jd_information": {"description": ""}, "_id": "8140750"}