{"company_info": {"Company Name": "r2r consultants"}, "api_data": {"job_location": ["Mumbai City"], "jd_id": "8141100", "job_keywords": ["Ensure transactions are being done on that tool"], "job_industry": "Travel / Tourism", "company_name": "r2r consultants", "job_experience": "0 to 1 Yr", "job_title": "Corporate Sales"}, "other_details": {"Other Skills:": ["Ensure transactions are being done on that tool"], "Industry:": ["Travel / Tourism"], "Department:": ["Sales / BD"]}, "topbox_information": {"salary_information": ""}, "jd_information": {"description": ""}, "_id": "8141100"}