{"company_info": {"Company Description": "Kyreights Planner Private Limited................... \u00a0............ .................. ...............", "Email": "kyreightsplanner@gmail.com", "Company Name": "Kyreights Planner Private Limited", "Telephone": "9910060375"}, "api_data": {"job_location": ["Gurugram", "Delhi"], "jd_id": "8143481", "job_keywords": ["gds", " communication", " basic", " sales", " bpo", " marketing", "amdus", " travel process", " skills", " outbound tours", " international flights", " holiday packages", " international bpo", " us process"], "job_industry": "Travel / Tourism", "company_name": "Kyreights Planner Private Limited", "job_experience": "1 to 7 Yrs", "job_title": "Urgent Opening for Travel Process in Gurgaon Locatiion"}, "other_details": {"Other Skills:": ["amdus", "travel process", "skills", "outbound tours", "international flights", "holiday packages", "international bpo", "us process"], "Department:": ["Customer Service (International)", "Operations Management / Process Analysis"], "Industry:": ["Travel / Tourism"], "Skills:": ["gds", "communication", "basic", "sales", "bpo", "marketing"]}, "topbox_information": {"salary_information": "Rs 2.5  - 3.5 Lakh/Yr"}, "jd_information": {"description": "Urgent opening for Traveling Process at Gurgaon location.Candidate must have knowledge of amadeus and must be Graduatewith excellent communication skill.&nbsp;&nbsp;Areas which can be covered are: All Delhi &amp; NCRINTERESTED CANDIDATES CAN CONTACT .&nbsp;Deepak Kumar - 9910060375Office landline number - 011 - 653 77 666&nbsp;"}, "_id": "8143481"}