{"company_info": {"Company Description": "Four Stones is a Top recruitment company in Jaipur.We need Skilled, Talented, Energetic and enthusiastic professionals like YOU!!!", "Company Name": "Four Stone Consultancy Services"}, "api_data": {"job_location": ["Jaipur"], "jd_id": "8147386", "job_keywords": ["Operational ", "  management skills"], "job_industry": "Travel / Tourism", "company_name": "Four Stone Consultancy Services", "job_experience": "0 to 5 Yrs", "job_title": "Hiring Operation Executive"}, "other_details": {"Other Skills:": ["Operational", "management skills"], "Industry:": ["Travel / Tourism"], "Department:": ["Operations Management / Process Analysis"]}, "topbox_information": {"salary_information": ""}, "jd_information": {"description": ""}, "_id": "8147386"}