{"company_info": {"Company Description": "NirvanaTrip.in-Responsible travel to natural areas, which conserves the environment and improves the welfare of local people. It is tourism based on the natural attractions of an area include bird watching, photography, stargazing, camping, hiking and visiting nature parks. We are group of #Souls # Professionals and #Expert tour guides having long- term successful professional experience in tourism\u00a0business. NirvanaTrip.in specializes in cultural &amp; natural heritage tours, hiking, trekking, mountaineering, rafting, wildlife safaris, mountain biking, And special itineraries. We provide consultation, operation and destination management in India throughout highly quality professional service to our valued clients", "Email": "hr@nirvanatrip.in", "Company Name": "Nirvana Trip", "Telephone": "9599285675"}, "api_data": {"job_location": ["Noida"], "jd_id": "8150737", "job_keywords": ["communication", "skills", " good", " hard", " working", " presentable"], "job_industry": "Travel / Tourism", "company_name": "Nirvana Trip", "job_experience": "0 to 3 Yrs", "job_title": "opening for Travel Sales Consultant"}, "other_details": {"Other Skills:": ["skills", "good", "hard", "working", "presentable"], "Department:": ["Pre-Sales", "Sales / BD"], "Industry:": ["Travel / Tourism"], "Skills:": ["communication"]}, "topbox_information": {"salary_information": ""}, "jd_information": {"description": "Dear Candidate,We have an opening for Travel Sales Consultant in our organziation.&nbsp;Job Responsibilities&middot; Handle Inbound Calls.&middot; Determining clients&rsquo; needs and suggesting suitable travel packages&middot; Well versed with Domestic Travel Industry.&middot; Meeting the defined targets.&middot; Candidate should have an experience in selling domestic tour packages.&nbsp;Key Skills: Good communication skill, Presentable &amp; hard working&nbsp;Freshers can also apply"}, "_id": "8150737"}