{"company_info": {"Company Name": "ResBird Technologies Pvt. Ltd. (Amadeus India)"}, "api_data": {"job_location": ["Bangalore"], "jd_id": "8153828", "job_keywords": ["Business Development  ", "  sales  ", "  marketing", ""], "job_industry": "Travel / Tourism", "company_name": "ResBird Technologies Pvt. Ltd. (Amadeus India)", "job_experience": "3 to 5 Yrs", "job_title": "Deputy Manager - Sales Business Development"}, "other_details": {"Department:": ["Sales / BD"], "Industry:": ["Travel / Tourism"], "Skills:": ["Business Development", "sales", "marketing"]}, "topbox_information": {"salary_information": ""}, "jd_information": {"description": ""}, "_id": "8153828"}