{"company_info": {"Company Name": "ResBird Technologies Pvt. Ltd. (Amadeus India)"}, "api_data": {"job_location": ["Kozhikode"], "jd_id": "8153844", "job_keywords": ["Business Development  ", "  sales  ", "  marketing", ""], "job_industry": "Travel / Tourism", "company_name": "ResBird Technologies Pvt. Ltd. (Amadeus India)", "job_experience": "1 to 4 Yrs", "job_title": "Senior Executive- Business Development"}, "other_details": {"Department:": ["Sales / BD"], "Industry:": ["Travel / Tourism"], "Skills:": ["Business Development", "sales", "marketing"]}, "topbox_information": {"salary_information": ""}, "jd_information": {"description": ""}, "_id": "8153844"}