{"company_info": {"Company Description": "We\u00a0\u201cLeom International\" (ISO Certified 9001  2015) established in 2014, our head office located in Punjab is very close to Chandigarh Domestic and International Airports. We have our domestic branches in Punjab, Haryana, Himachal Pradesh, New Delhi, Uttrakhand, and Rajasthan. Here, Our expertise lies in offering complete support to client companies for meeting the recruitment and staffing needs in industries like, Mechanical and Civil Construction, hospitality etc. The package includes handling complete aspects of profile from sourcing, selection, shortlisting, interviews and recruitment", "Email": "anuja.leom@gmail.com", "Company Name": "Leom    International", "Telephone": "7087219891"}, "api_data": {"job_location": ["Panchkula"], "jd_id": "8156095", "job_keywords": ["marketing", " management", "good comm skills", " telecommunication audit"], "job_industry": "Travel / Tourism", "company_name": "Leom    International", "job_experience": "0 to 1 Yr", "job_title": "Hiring Tele caller/Marketing Executive"}, "other_details": {"Other Skills:": ["good comm skills", "telecommunication audit"], "Department:": ["Marketing / Communication"], "Industry:": ["Travel / Tourism"], "Skills:": ["marketing", "management"]}, "topbox_information": {"salary_information": "Rs 2.0 Lakh/Yr"}, "jd_information": {"description": "Hiring Tele caller/Marketing Executive for PanchkulaDesignation: Tele caller(female) /Marketing ExecutiveExperience: Fresher -1yrsSalary: 15+ incentivesLocation: PanchkulaSkills: Good communication skillsInterested call me at 7087219891(Kanta) and drop Ur CV at anuja.leom@gmail.com"}, "_id": "8156095"}