{"company_info": {"Company Description": "TFG VACATIONS INDIA is a travel &amp; tourism company based in India!Besides offering travel &amp; tourism services, worldwide, we offer online promotion work opportunities.TFG VACATIONS INDIA PVT.LTD, one of the fast growing company in Travel &amp; Tourism industry is providing online income opportunity.We need committed &amp; result-oriented people who can join hands with us &amp; contribute in the promotion.Earn huge benefits in form of income (weekly/monthly).Come &amp; work in a no target, no selling, no work pressure, no time Boundation &amp; no boss environment.Nature of Business\u00a0Promotion of Tourism\u00a0services.Income\u00a0You can earn up to Rs.45,000/- per month.Benefit\u00a0No Time Bound, No Skill required.", "Email": "info@tfgholidays.com", "Company Name": "TFG VACATIONS   INDIA PRIVATE LIMITED", "Telephone": "8376054639"}, "api_data": {"job_location": ["Idukki", "Srinagar", "Malappuram", "Rajkot", "Kottayam", "Kannur", "Thiruvanananthapuram", "Mumbai City", "Surat", "Mysore"], "jd_id": "8158639", "job_keywords": ["internet marketing"], "job_industry": "Travel / Tourism", "company_name": "TFG VACATIONS   INDIA PRIVATE LIMITED", "job_experience": "0 to 1 Yr", "job_title": "Internet Advertising Marketing Executive"}, "other_details": {"Other Skills:": ["internet marketing"], "Industry:": ["Travel / Tourism"], "Department:": ["Internet Marketing", "Networking"]}, "topbox_information": {"salary_information": "Rs 3.0  - 6 Lakh/Yr"}, "jd_information": {"description": "TFG VACATIONS INDIA is a travel &amp; tourism company based in India!Besides offering travel &amp; tourism services, worldwide, we offer online promotion work opportunities.&nbsp;TFG VACATIONS INDIA PVT.LTD, one of the fast growing company in Travel &amp; Tourism industry is providing online income opportunity.We need committed &amp; result-oriented people who can join hands with us &amp; contribute in the promotion.Earn huge benefits in form of income (weekly/monthly).Come &amp; work in a no target, no selling, no work pressure, no time Boundation &amp; no boss environment.Nature of Business:&nbsp;Promotion of Tourism&nbsp;services.Income:&nbsp;You can earn up to Rs.45,000/- per month.Benefit:&nbsp;No Time Bound, No Skill required.Thank you! Call at-8376054639"}, "_id": "8158639"}