{"company_info": {"Company Description": "Sky Enterprises", "Email": "sarfarajsky786@gmail.com", "Company Name": "[Company Hidden]", "Telephone": "8108383468"}, "api_data": {"job_location": ["Mumbai City"], "jd_id": "8159395", "job_keywords": ["marketing", " management", " sales", "development", " ms", " business", " office"], "job_industry": "Travel / Tourism", "company_name": "[Company Hidden]", "job_experience": "0 to 2 Yrs", "job_title": "Walk-in-interview for the position of  Sales & Marketing Executive  - Mumbai"}, "other_details": {"Other Skills:": ["development", "ms", "business", "office"], "Department:": ["Marketing / Communication", "Sales / BD"], "Industry:": ["Travel / Tourism"], "Skills:": ["marketing", "management", "sales"]}, "topbox_information": {"salary_information": "< Rs 50,000  - 2.0 Lakh/Yr"}, "jd_information": {"description": "We are Opening for the position of\"Sales &amp; Marketing Executive\" - Mumbai&nbsp;Company Name:&nbsp;Sky Enterprises&nbsp;Interview &amp; Location:&nbsp;Office no.-503, 5th Floor, Cheda Arcade, Near Gold Cinema,Above J.K.Classes, Thane West.Experience:&nbsp;00 month &ndash; 2 years (Freshers also applied)Salary:&nbsp;Rs 1.5 Lakh / Yr to Rs 2.0 Lakh / YrJob Description:1. Self-motivated.2. Attending to all appointments, giving appropriate product presentations &amp; converting them into sales.&nbsp;3. Explain the customers - based on product offers / benefits.4. Explaining the destination packages &amp; other packages.5. Generating own leads from the market for more presentations &amp; sales.6. Clients relationship to generate successful referral leads.&nbsp;Education:&nbsp;10th or 12th pass/Graduate/Under-graduate&nbsp;If you are interested in this position please forward your resume at\"sarfarajsky786@gmail.com\"Also we kindly request you to forward the above opportunity to your friends/ refer some of your friends or colleagues who are seeking change in their career.&nbsp;Best Regards,Sky EnterprisesSarfaraj Rauf Bhojani9766828209/8108383468"}, "_id": "8159395"}