{"company_info": {"Company Description": "A small, hard-working consulting firm based out of Delhi. Established in 2005, we hit the ground running with our direct approach to finding success. Large-scale solutions, End to End Recruitment and RPO, we offer our clients the full package.", "Email": "aakriti19.jobsexpert@gmail.com", "Company Name": "Jobs Expert Hiring For TRAVEL PROCESS", "Telephone": "8860618861"}, "api_data": {"job_location": ["Gurugram", "Delhi"], "jd_id": "8160461", "job_keywords": ["amadeus", "international voice process", " travel process", " international travel", " international travel process", " voice process", " travel", " fare portal", " international call center", " international ticketing", " uk process", " uk shift", " international bpo", " us process", " us shift"], "job_industry": "Travel / Tourism", "company_name": "Jobs Expert Hiring For TRAVEL PROCESS", "job_experience": "0 to 4 Yrs", "job_title": "URGENT HIRING FOR TRAVEL PROCESS"}, "other_details": {"Other Skills:": ["international voice process", "travel process", "international travel", "international travel process", "voice process", "travel", "fare portal", "international call center", "international ticketing", "uk process", "uk shift", "international bpo", "us process", "us shift"], "Department:": ["Customer Service (International)"], "Industry:": ["Travel / Tourism"], "Skills:": ["amadeus"]}, "topbox_information": {"salary_information": "Rs 2.0  - 4.5 Lakh/Yr"}, "jd_information": {"description": "HELLO FRIENDS!!URGENT HIRING FOR TRAVEL PROCESS IN GURGAON LOCATION.PROCESS: INTERNATIONAL TRAVEL PROCESSLOCATION: GURGAON&nbsp;&nbsp;WE ARE LOOKING FOR THE CANDIDATES :&nbsp;&nbsp;**UNDERGRADUATE FRESHER OR EXPERIENCE/ GRADUATE FRESHER OR EXPERIENCE/ POST GRADUATE FRESHER OR EXPERIENCE CAN APPLY**&nbsp;INTERESTED CANDIDATE CAN CALL @HR AAKRITI: 8860618861HR KHUSHBOO: 9953585353&nbsp;OR CAN EMAIL THEIR RESUME @aakriti19.jobsexpert@gmail.comkhushboo15.jobsexpert@gmail.com&nbsp;&nbsp;**anyone can refer their friends also**"}, "_id": "8160461"}