{"company_info": {"Email": "geetanshi.soni@itdoseinfo.com", "Company Name": "IT DOSE INFOSYSTEMS", "Telephone": "8745033203"}, "api_data": {"job_location": ["Noida", "Delhi"], "jd_id": "8161831", "job_keywords": ["voice process", " travel process", " reservations ticketing", " travel sales", " travel agency operations"], "job_industry": "Travel / Tourism", "company_name": "IT DOSE INFOSYSTEMS", "job_experience": "0 to 3 Yrs", "job_title": "Hiring for Travel Process (Reservation, Sales) Delhi Location"}, "other_details": {"Other Skills:": ["voice process", "travel process", "reservations ticketing", "travel sales", "travel agency operations"], "Industry:": ["Travel / Tourism"], "Department:": ["Customer Service (Domestic)"]}, "topbox_information": {"salary_information": "Rs 1.5  - 3.0 Lakh/Yr"}, "jd_information": {"description": "Greetings of the Day\",Best Opportunity to work in a stable company for Delhi and gurgaon locationJob Description :* Role : Voice / Customer Service Executive (Domestic)/SR.Executive/sales officer/ reservation* Salary :- 12k to upto max 23k*FIXED TIMING :- 9.30AM TO 6.3oPM* Customer Reservation and sales*Day shift*Sunday is fix off* location-Job location (Okhla)*its a customer care process* Unlimited Incentives* UNDER GRADUATES with minimum 6months experience in voice process domestic or GRADUATES Fresher Can apply.* Good Communication Skill Required* Candidate should be comfortable to handle the customer over the calls.* Candidate should have good convincing skills.For more details and any queriescontact at- GEETANSHI 8745033203If you intrested for this profile please send your cv or resumegeetanshi.soni@itdoseinfo.comThank you&nbsp;"}, "_id": "8161831"}