{"company_info": {"Company Description": "Colorful Vacations provide travel, tourism related solutions to the free individuals as well as corporate groups. Our company competency lies in designing the best services which is only for you. Agency ensures a vicarious experience of your desired trip before you experience it. To ensure the delivery to be effective and efficient our travel agency involves only the experts from our team who work on their expertise.", "Email": "hr@Colorfulvacations.com", "Company Name": "Colorful Vacations Private limited", "Telephone": "8130399815"}, "api_data": {"job_location": ["Chennai", "Delhi"], "jd_id": "8161883", "job_keywords": ["sales", ""], "job_industry": "Travel / Tourism", "company_name": "Colorful Vacations Private limited", "job_experience": "1 to 6 Yrs", "job_title": "Domestic or International Travel Sales"}, "other_details": {"Department:": ["Pre-Sales", "Sales / BD"], "Industry:": ["Travel / Tourism"], "Skills:": ["sales"]}, "topbox_information": {"salary_information": "< Rs 50,000  - 3.0 Lakh/Yr"}, "jd_information": {"description": "Job Responsibilities:&bull; Attending to appointments, giving appropriate product presentations &amp; converting them into sales&bull; Explaining the destination packages.&bull; Creating desire for luxurious holidays and long-term holiday product.&bull; Generating own leads from the market for more presentations &amp; sales.&bull; Customer relationship to generate successful referral leads&bull; Maintaining healthy relationship with existing members&bull; Reporting in a prescribed format all calls, sales obtained from market &amp; other relevant market feed backs.&bull; Coordinating with internal operations to ensure the delivery of sale promisesJob Requirements:Good Communication SkillsTravel Background (Preferred)Want to pursue career in Travel SalesAbility to learnActive &amp; Enthusiastic"}, "_id": "8161883"}