{"company_info": {"Company Name": "Alp Consulting Ltd"}, "api_data": {"job_location": ["Mumbai City"], "jd_id": "8164592", "job_keywords": ["Exceptional customer service skills ", " sales abilities"], "job_industry": "Travel / Tourism", "company_name": "Alp Consulting Ltd", "job_experience": "2 to 5 Yrs", "job_title": "Travel Sales Consultant"}, "other_details": {"Other Skills:": ["Exceptional customer service skills", "sales abilities"], "Industry:": ["Travel / Tourism"], "Department:": ["Sales / BD"]}, "topbox_information": {"salary_information": ""}, "jd_information": {"description": ""}, "_id": "8164592"}