{"company_info": {"Company Description": "IT IS A RECRUITMENT COMPANY WHICH PROVIDES MANPOWER TO OTHER COMPANIES AND WE CHARGE NOTHING FROM CANDIDATES.", "Company Name": "Landmark ADV"}, "api_data": {"job_location": ["Noida"], "jd_id": "8165442", "job_keywords": ["TOUR EXECUTIVE  ", "  communication skill"], "job_industry": "Travel / Tourism", "company_name": "Landmark ADV", "job_experience": "0 to 2 Yrs", "job_title": "TOUR EXECUTIVE"}, "other_details": {"Other Skills:": ["TOUR EXECUTIVE", "communication skill"], "Industry:": ["Travel / Tourism"], "Department:": ["Reservation / Ticketing"]}, "topbox_information": {"salary_information": ""}, "jd_information": {"description": ""}, "_id": "8165442"}