{"company_info": {"Company Description": "SimpliHire is IT Recruitment Company. We are providing immediate joining professionals especially in IT Software industries. Our services cost is very nominal compare to market rate.", "Company Name": "Simpli Hire"}, "api_data": {"job_location": ["Ahmedabad"], "jd_id": "8165634", "job_keywords": ["IT Recruiter ", "  HR executive"], "job_industry": "Travel / Tourism", "company_name": "Simpli Hire", "job_experience": "7 to 8 Yrs", "job_title": "IT Recruiter"}, "other_details": {"Other Skills:": ["IT Recruiter", "HR executive"], "Industry:": ["Travel / Tourism"], "Department:": ["Recruitment"]}, "topbox_information": {"salary_information": ""}, "jd_information": {"description": ""}, "_id": "8165634"}