{"company_info": {"Company Description": "SimpliHire is IT Recruitment Company. We are providing immediate joining professionals especially in IT Software industries. Our services cost is very nominal compare to market rate.", "Company Name": "Simpli Hire"}, "api_data": {"job_location": ["Ahmedabad"], "jd_id": "8165628", "job_keywords": ["Business Development ", "  Lead Generation", ""], "job_industry": "Travel / Tourism", "company_name": "Simpli Hire", "job_experience": "5 to 7 Yrs", "job_title": "Business Development"}, "other_details": {"Department:": ["Sales / BD"], "Industry:": ["Travel / Tourism"], "Skills:": ["Business Development", "Lead Generation"]}, "topbox_information": {"salary_information": ""}, "jd_information": {"description": ""}, "_id": "8165628"}