{"company_info": {"Company Name": "Incedo Technology Solutions Ltd."}, "api_data": {"job_location": ["Delhi"], "jd_id": "8165182", "job_keywords": ["travel Desk", "Executive  ", "  communication skill"], "job_industry": "Travel / Tourism", "company_name": "Incedo Technology Solutions Ltd.", "job_experience": "1 to 5 Yrs", "job_title": "Executive -travel Desk"}, "other_details": {"Other Skills:": ["Executive", "communication skill"], "Department:": ["Reservation / Ticketing"], "Industry:": ["Travel / Tourism"], "Skills:": ["travel Desk"]}, "topbox_information": {"salary_information": ""}, "jd_information": {"description": ""}, "_id": "8165182"}