{"company_info": {"Company Description": "SimpliHire is IT Recruitment Company. We are providing immediate joining professionals especially in IT Software industries. Our services cost is very nominal compare to market rate.", "Company Name": "Simpli Hire"}, "api_data": {"job_location": ["Ahmedabad"], "jd_id": "8165614", "job_keywords": ["tourism", "Travel Consultant"], "job_industry": "Travel / Tourism", "company_name": "Simpli Hire", "job_experience": "0 to 5 Yrs", "job_title": "Travel Agent"}, "other_details": {"Other Skills:": ["Travel Consultant"], "Department:": ["Sales / BD"], "Industry:": ["Travel / Tourism"], "Skills:": ["tourism"]}, "topbox_information": {"salary_information": ""}, "jd_information": {"description": ""}, "_id": "8165614"}