{"company_info": {"Company Description": "SimpliHire is IT Recruitment Company. We are providing immediate joining professionals especially in IT Software industries. Our services cost is very nominal compare to market rate.", "Company Name": "Simpli Hire"}, "api_data": {"job_location": ["Ahmedabad"], "jd_id": "8165624", "job_keywords": ["Magento Developer ", "  Ecommerce Development"], "job_industry": "Travel / Tourism", "company_name": "Simpli Hire", "job_experience": "0 to 1 Yr", "job_title": "Mageto Developer"}, "other_details": {"Other Skills:": ["Magento Developer", "Ecommerce Development"], "Industry:": ["Travel / Tourism"], "Department:": ["General / Other Software"]}, "topbox_information": {"salary_information": ""}, "jd_information": {"description": ""}, "_id": "8165624"}