{"company_info": {"Company Description": "Vasco Worldwide&nbsp;", "Company Name": "Vasco Worldwide"}, "api_data": {"job_location": ["Kochi"], "jd_id": "8170790", "job_keywords": ["Accountability", "Target driven ", "  Presentable  ", "  Professional  ", "  Sociable  ", "  Proactive  ", "  Self starter"], "job_industry": "Travel / Tourism", "company_name": "Vasco Worldwide", "job_experience": "2 to 4 Yrs", "job_title": "Sales Executive"}, "other_details": {"Other Skills:": ["Target driven", "Presentable", "Professional", "Sociable", "Proactive", "Self starter"], "Department:": ["Sales / BD"], "Industry:": ["Travel / Tourism"], "Skills:": ["Accountability"]}, "topbox_information": {"salary_information": ""}, "jd_information": {"description": ""}, "_id": "8170790"}