{"company_info": {"Company Name": "Global Zone HR."}, "api_data": {"job_location": ["Delhi"], "jd_id": "8172964", "job_keywords": ["Receiving Inbound calls ", "   attending to customer queries f", "  holiday packages ", "   selling tour packages"], "job_industry": "Travel / Tourism", "company_name": "Global Zone HR.", "job_experience": "1 to 6 Yrs", "job_title": "Travel Consultant/agent/ Executive"}, "other_details": {"Other Skills:": ["Receiving Inbound calls", "attending to customer queries f", "holiday packages", "selling tour packages"], "Industry:": ["Travel / Tourism"], "Department:": ["Reservation / Ticketing"]}, "topbox_information": {"salary_information": ""}, "jd_information": {"description": ""}, "_id": "8172964"}