{"company_info": {"Company Description": "", "Email": "kr17consultancy@gmail.com", "Company Name": "Freelancer Chhavi Malhotra", "Telephone": "7838887272"}, "api_data": {"job_location": ["Delhi"], "jd_id": "8172981", "job_keywords": ["ticket", " travel desk operations", " microsoft", " office", " booking"], "job_industry": "Travel / Tourism", "company_name": "Freelancer Chhavi Malhotra", "job_experience": "1 to 2 Yrs", "job_title": "International Air ticket Booking Executive"}, "other_details": {"Other Skills:": ["ticket", "travel desk operations", "microsoft", "office", "booking"], "Industry:": ["Travel / Tourism"], "Department:": ["Reservation / Ticketing", "Tour / Travel Management"]}, "topbox_information": {"salary_information": "Rs 2.5  - 3.5 Lakh/Yr"}, "jd_information": {"description": "We are looking &nbsp;International Air ticket Booking Executive on urgent basis.The candidate should have good knowledge &nbsp;and a minimum experience of 1 -2 year as a Air Ticketing Executive. Good communication skills are also required. ( Hindi &amp; English ).Job in Pitam pura Delhi.Salary : 22000 to 28000 per month"}, "_id": "8172981"}