{"company_info": {"Company Name": "Global Zone HR."}, "api_data": {"job_location": ["Bangalore"], "jd_id": "8172978", "job_keywords": ["Should have ability to raise  ", "   negotiate with hoteliers to execute cost effective itineraries"], "job_industry": "Travel / Tourism", "company_name": "Global Zone HR.", "job_experience": "2 to 7 Yrs", "job_title": "MICE Sales Manager"}, "other_details": {"Other Skills:": ["Should have ability to raise", "negotiate with hoteliers to execute cost effective itineraries"], "Industry:": ["Travel / Tourism"], "Department:": ["Sales / BD"]}, "topbox_information": {"salary_information": ""}, "jd_information": {"description": ""}, "_id": "8172978"}