{"company_info": {"Company Description": "Countrywide Visas has a very fast, smooth and effective way of making sure every client is looked after and gets exactly what they are looking for.&nbsp;", "Company Name": "Countrywide Immigration Private Limited"}, "api_data": {"job_location": ["Canada"], "jd_id": "8174536", "job_keywords": ["design", "Aerospace engineers research", "  develop aerospace vehicles", "  aerospace systems"], "job_industry": "Travel / Tourism", "company_name": "Countrywide Immigration Private Limited", "job_experience": "2 to 7 Yrs", "job_title": "Aerospace Engineers"}, "other_details": {"Other Skills:": ["Aerospace engineers research", "develop aerospace vehicles", "aerospace systems"], "Department:": ["Airport / Airline Ground Operations"], "Industry:": ["Travel / Tourism"], "Skills:": ["design"]}, "topbox_information": {"salary_information": ""}, "jd_information": {"description": ""}, "_id": "8174536"}