{"company_info": {"Company Name": "Malhotra Sons &amp; co"}, "api_data": {"job_location": ["Delhi"], "jd_id": "8175024", "job_keywords": ["Ticketing Executive ", "  communication skill"], "job_industry": "Travel / Tourism", "company_name": "Malhotra Sons & co", "job_experience": "1 to 2 Yrs", "job_title": "Ticketing Executive"}, "other_details": {"Other Skills:": ["Ticketing Executive", "communication skill"], "Industry:": ["Travel / Tourism"], "Department:": ["Reservation / Ticketing"]}, "topbox_information": {"salary_information": ""}, "jd_information": {"description": ""}, "_id": "8175024"}