{"company_info": {"Company Description": "If you wish to seeLive Indiathe real India, the India which is vibrant and alive with colours, customs, creed and craving for spirituality and inner happiness, you will have to come with us, walk with us, hand- in- hand, on the streets of Indian cities and lanes of far flung villages, see through our eyes, and read through our minds, to experience the living cultures, since 1000 of years. With us you will not just see the mere monuments, but the real live-size story behind these great structures, which makes them immortal and everlasting gems in the crown of Indian glorious history.", "Company Name": "The live india tours pvt ltd"}, "api_data": {"job_location": ["Delhi"], "jd_id": "8177690", "job_keywords": ["good written  ", "  verble skills ", " Email Drafting ", "  Revert on Email"], "job_industry": "Travel / Tourism", "company_name": "The live india tours pvt ltd", "job_experience": "2 to 5 Yrs", "job_title": "Email Support executive"}, "other_details": {"Other Skills:": ["good written", "verble skills", "Email Drafting", "Revert on Email"], "Industry:": ["Travel / Tourism"], "Department:": ["Customer Service (Domestic)"]}, "topbox_information": {"salary_information": ""}, "jd_information": {"description": ""}, "_id": "8177690"}