{"company_info": {"Company Description": "M/s Shehla International Travel Pvt. Ltd.Our company launched in 2006 &amp; it is today one of the leading organisation for ticket booking (IATA-web portal), manpower recruiting, Umarah &amp; Haj Packages(web portal). We, at Shehla International believe in aspiring together and achieving together. All our teams starting from Customer Support, Inventory, Technology, Operations, Marketing and Sales are focused on providing dedicated and relentless service to our customers/candidates. Leveraging the experience of our world class technology team on cutting edge technologies and we strive to create the best service for our clients &amp; customers/candidates.", "Email": "hr.shehlaint@gmail.com", "Company Name": "Shehla International", "Telephone": "9891953111"}, "api_data": {"job_location": ["Delhi"], "jd_id": "8189653", "job_keywords": ["english", " communication", " gds", " amadeus", " ticketing", ""], "job_industry": "Travel / Tourism", "company_name": "Shehla International", "job_experience": "2 to 3 Yrs", "job_title": "Ticketing Executive"}, "other_details": {"Department:": ["Reservation / Ticketing", "Tour / Travel Management"], "Industry:": ["Travel / Tourism"], "Skills:": ["english", "communication", "gds", "amadeus", "ticketing"]}, "topbox_information": {"salary_information": ""}, "jd_information": {"description": "Dear Candidates,We are urgently hiring for&nbsp;\"TICKET EXECUTIVE&nbsp;\"for our reputed organisation(SHEHLA INTERNATIONAL TRAVEL PVT LTD/ IATA)&nbsp;at Bharat Nagar,New Delhi.Education:Graduate from any stream.Candidates Should have experience in same field more than 2-3 years.ONLY DELHI CANDIDATES SHOULD BE PREFERRED.Salary:NegotiableCandidates should have a good communication skill in English &amp; Excellent Knowledge of GDS,Amadeus,Ticketing,Computer Basis&nbsp;&amp; Emailing.Working Days &amp; Time -:Monday - Saturday (10am-7pm)Interested candidates can contact &amp; email us :Contact Person:Rehana Bano (HR)Mob. No.-09891953111Email:hr.shehlaint@gmail.com\"M/s Shehla International Travel Pvt. Ltd.\"14 A 1st Floor, NFC, Bharat Nagar near Bank of Baroda, New Delhi-110025."}, "_id": "8189653"}