{"company_info": {"Email": "jobs@srsolutions.org", "Company Name": "S R Solutions Placement Services", "Telephone": "1146070366"}, "api_data": {"job_location": ["Delhi"], "jd_id": "8190111", "job_keywords": ["operations", " management", " sales", "customer", " ms", " office", " service"], "job_industry": "Travel / Tourism", "company_name": "S R Solutions Placement Services", "job_experience": "6 to 10 Yrs", "job_title": "Assistant Manager (operations)-Domestic & Inbound  MICE"}, "other_details": {"Other Skills:": ["customer", "ms", "office", "service"], "Department:": ["Operations Management / Process Analysis"], "Industry:": ["Travel / Tourism"], "Skills:": ["operations", "management", "sales"]}, "topbox_information": {"salary_information": "Rs 6  - 7 Lakh/Yr"}, "jd_information": {"description": "Looking for the candidate who has experience in MICE Domestic inbound for one of the leading Travel company.Bachelor/Master&rsquo;s degree in tourism or a related discipline from a reputed University/Institute6-10 years of work experience in Domestic &amp; Inbound MICE operation functionsShould have handled/executed a good number of MICE events originating from Corporate, Associations, Govt. &amp; Semi Govt. Bodies at Multi-locationsShould have effective knowledge of MICE Business sources/pockets.Strong Knowledge of HTML, Word , Microsoft excel and PowerPoint.&nbsp;RegardsMayuri01146070366"}, "_id": "8190111"}