{"company_info": {"Company Description": "About usEstablished in 2009, Alphard Maritime Group is world's 2nd largest in maritime security space run by master mariners and security connoisseurs. Alphard group has offices in United Kingdom, Nigeria, India, Sri Lanka, Singapore, Hong Kong and China. The official website is www.alphardmaritime.com", "Company Name": "Alphard Maritime Pvt. Ltd."}, "api_data": {"job_location": ["Mumbai City"], "jd_id": "8192248", "job_keywords": ["communication ", "   co", "dination ", "   multitasking  ", "   negotiation skills"], "job_industry": "Travel / Tourism", "company_name": "Alphard Maritime Pvt. Ltd.", "job_experience": "1 to 4 Yrs", "job_title": "Travel Desk Executive"}, "other_details": {"Other Skills:": ["dination", "multitasking", "negotiation skills"], "Department:": ["Reservation / Ticketing"], "Industry:": ["Travel / Tourism"], "Skills:": ["communication", "co"]}, "topbox_information": {"salary_information": ""}, "jd_information": {"description": ""}, "_id": "8192248"}