{"company_info": {"Company Description": "Cozmo Travel World Pvt LtdLaunched in September 2016 with a vision to offer#11;customised travel solutions for independent and corporate travelers, Cozmo Travel India has#11;fast established a name for itself within India. With a complete range of world-class products and consultancy services that support businesses and individuals alike, Cozmo Travel reflects the perfect blend of global expertise and local knowledge.", "Email": "hrindia@cozmotravel.com", "Company Name": "Cozmo Travel Private Limited", "Telephone": "022-71004499"}, "api_data": {"job_location": ["Chennai"], "jd_id": "8194299", "job_keywords": ["sales", " b2b", "development", " channel sales", " direct", " business"], "job_industry": "Travel / Tourism", "company_name": "Cozmo Travel Private Limited", "job_experience": "2 to 11 Yrs", "job_title": "Senior Sales Executive, B2B Sales, Travel Sales"}, "other_details": {"Other Skills:": ["development", "channel sales", "direct", "business"], "Department:": ["Sales / BD"], "Industry:": ["Travel / Tourism"], "Skills:": ["sales", "b2b"]}, "topbox_information": {"salary_information": "Rs 2.0  - 7 Lakh/Yr"}, "jd_information": {"description": ""}, "_id": "8194299"}