{"company_info": {"Email": "pragati@synergyace.com", "Company Name": "[Company Hidden]", "Telephone": "9004493548"}, "api_data": {"job_location": ["Navi Mumbai", "Pune", "Ahmedabad"], "jd_id": "8196431", "job_keywords": ["telesales", " telemarketing", " communication", "call centre voice", " customer support voice", " voice process", " bpo operations", " domestic process", " customer service", " outbound process"], "job_industry": "Travel / Tourism", "company_name": "[Company Hidden]", "job_experience": "0 to 2 Yrs", "job_title": "Telesales / Telemarketing Executive"}, "other_details": {"Other Skills:": ["call centre voice", "customer support voice", "voice process", "bpo operations", "domestic process", "customer service", "outbound process"], "Department:": ["Customer Service (Domestic)", "Customer Care Executive"], "Industry:": ["Travel / Tourism"], "Skills:": ["telesales", "telemarketing", "communication"]}, "topbox_information": {"salary_information": "< Rs 50,000  - 2.0 Lakh/Yr"}, "jd_information": {"description": "Designation- TeleMarketing ExecutiveKeyskills- communication sales, outbound process, calling, domestic BPO, call center. Customer handling, voice processEducation- HSC Passed, Fresher Also WelcomeLocation- PUNE, NAVI MUMBAI (VASHI), MUMBAI (GOREGAON) , AHMADABADSalary- depend on candidate.CONTAC NO.- 9004493548thanx &amp; RegardsHR Sonali."}, "_id": "8196431"}