{"company_info": {"Company Description": "TFG VACATIONS INDIA PRIVATE LIMITEDTFG VACATIONS INDIA PVT.LTD, one of the fast growing company in Travel &amp; Tourism industry is providing online income opportunity.We need committed &amp; result-oriented people who can join hands with us &amp; contribute in the promotion.Earn huge benefits in form of income (weekly/monthly).Come &amp; work in a no target, no selling, no work pressure, no time Boundation &amp; no boss environment.", "Email": "info@tfgholidays.com", "Company Name": "TFG VACATIONS   INDIA PRIVATE LIMITED", "Telephone": "8448847980"}, "api_data": {"job_location": ["Bangalore", "Chennai", "Noida", "Hyderabad", "Pune", "Mumbai City", "Chandigarh", "Mangalore", "Mysore", "Other Karnataka"], "jd_id": "8199075", "job_keywords": ["online advertising", " online branding", " online ads", " business development", " market promotion", " product marketing", " training development", " promotions activities", " online sales business development"], "job_industry": "Travel / Tourism", "company_name": "TFG VACATIONS   INDIA PRIVATE LIMITED", "job_experience": "0 to 1 Yr", "job_title": "Online Internet Marketing  Executive"}, "other_details": {"Other Skills:": ["online advertising", "online branding", "online ads", "business development", "market promotion", "product marketing", "training development", "promotions activities", "online sales business development"], "Industry:": ["Travel / Tourism"], "Department:": ["Internet Marketing", "Technical Support / Helpdesk"]}, "topbox_information": {"salary_information": "Rs 2.5  - 4.5 Lakh/Yr"}, "jd_information": {"description": "We need committed &amp; result-oriented people who can join hands with us &amp; contribute in the promotion.Earn huge benefits in form of income (weekly/monthly).Come &amp; work in a no target, no selling, no work pressure, no time Boundation &amp; no boss environment.Nature of Business:&nbsp;Promotion of Tourism&nbsp;services.Income:&nbsp;You can earn up to Rs.45,000/- per month.Benefit:&nbsp;No Time Bound, No Skill required.Call Now or Whats app @ 8448847980&nbsp;"}, "_id": "8199075"}