{"company_info": {"Company Description": "TFG VACATIONS INDIA PRIVATE LIMITEDTFG VACATIONS INDIA PVT.LTD, one of the fast growing company in Travel &amp; Tourism industry is providing online income opportunity.We need committed &amp; result-oriented people who can join hands with us &amp; contribute in the promotion.Earn huge benefits in form of income (weekly/monthly).Come &amp; work in a no target, no selling, no work pressure, no time Boundation &amp; no boss environment.", "Email": "info@tfgholidays.com", "Company Name": "TFG VACATIONS   INDIA PRIVATE LIMITED", "Telephone": "8806894347"}, "api_data": {"job_location": ["Baddi", "Kullu", "Dharamsala", "Dalhousie", "Bilaspur", "Chamba", "Mandi", "Solan", "Shimla"], "jd_id": "8199209", "job_keywords": ["internet media", " facebook marketing", " online advertising", " internet marketing", " online branding", " web marketing", " web promotion", " mobile marketing", " google adwords", " digital marketing"], "job_industry": "Travel / Tourism", "company_name": "TFG VACATIONS   INDIA PRIVATE LIMITED", "job_experience": "0 to 1 Yr", "job_title": " for Internet Marketing  Executive"}, "other_details": {"Other Skills:": ["internet media", "facebook marketing", "online advertising", "internet marketing", "online branding", "web marketing", "web promotion", "mobile marketing", "google adwords", "digital marketing"], "Industry:": ["Travel / Tourism"], "Department:": ["Internet Marketing", "Networking"]}, "topbox_information": {"salary_information": "Rs 2.5  - 4.5 Lakh/Yr"}, "jd_information": {"description": "We need committed &amp; result-oriented people who can join hands with us &amp; contribute in the promotion.Earn huge benefits in form of income (weekly/monthly).Come &amp; work in a no target, no selling, no work pressure, no time Boundation &amp; no boss environment.Nature of Business:&nbsp;Promotion of Tourism&nbsp;services.Income:&nbsp;You can earn up to Rs.45,000/- per month.Benefit:&nbsp;No Time Bound, No Skill required.Call Now or Whats app @ 8448847980&nbsp;"}, "_id": "8199209"}