{"company_info": {"Company Name": "Jobtrack Management Services Pvt. Ltd."}, "api_data": {"job_location": ["Mumbai City"], "jd_id": "8203166", "job_keywords": ["Fill cart with supplies  ", "   transp", " t cart"], "job_industry": "Travel / Tourism", "company_name": "Jobtrack Management Services Pvt. Ltd.", "job_experience": "3 to 8 Yrs", "job_title": "Hiring Guest Relation,"}, "other_details": {"Other Skills:": ["Fill cart with supplies", "transp", "t cart"], "Industry:": ["Travel / Tourism"], "Department:": ["Front Office / Receptionist"]}, "topbox_information": {"salary_information": ""}, "jd_information": {"description": ""}, "_id": "8203166"}