{"company_info": {"Company Name": "Jobtrack Management Services Pvt. Ltd."}, "api_data": {"job_location": ["Pune"], "jd_id": "8203252", "job_keywords": ["kitchen operations  ", "  sous chef runs the operation flawlessly"], "job_industry": "Travel / Tourism", "company_name": "Jobtrack Management Services Pvt. Ltd.", "job_experience": "2 to 7 Yrs", "job_title": "Hiring Sous Chef"}, "other_details": {"Other Skills:": ["kitchen operations", "sous chef runs the operation flawlessly"], "Industry:": ["Travel / Tourism"], "Department:": ["Kitchen"]}, "topbox_information": {"salary_information": ""}, "jd_information": {"description": ""}, "_id": "8203252"}