{"company_info": {"Company Description": "Bright Links Indialeading of recruitment firm...................................................................................................................................................................................................................................................................................................................................................................................................................................................................;;;;;;;;;;;;;;;;;;;;;;;;;;;;;;;;;;;;;;;;;;;;;;;;;;;;;;;;;;;;;;;;;;;;;;;;;;;;;;;;;;;;;;;;;;;;;;;;;;;;;;;;;;;;;;;;;;;;;;;;;;;;;;;;;;;;;;;;;;;;;;;;;;;;;;;;;;;;;;;;;;;;;;;;;;;;;;;;;;;;;;;;;;;;;;;;;;;;;;;;;;;;;;;;;;;;;;;;;;;;;;;;;;;;;;;;;;;;;;;;;;;;;;;;;;;;;;;;;;;;;;;;;;;;;;;;;;;;;;;;;;;;;;;;;;;;;;;;;;;;;;;;;;;;;;;;;;;;;;;;;;;;;;;;;;;;;;;;;;;;;;;;;;;;;;;;;;;;;;;;;;;;;;;;;;;;;;;;;;;;;;;;;;;;;;;;;;;;;;;;;;;;;;;;;;;;;;;;;;;;;;;;;;;;;;;;;;;;;;;;;;;;;;;;;;;;;;;;;;;;;;;;;;;;;;;;;;;;;;;;;;;;;;;;;;;;;;;;;;;;;;;;;;;;;;;;;;;;;;;;;;;;;", "Email": "sandhya.brightlinksindia02@gmail.com", "Company Name": "Bright Links India", "Telephone": "8700028945"}, "api_data": {"job_location": ["Mumbai City"], "jd_id": "8207277", "job_keywords": ["inspect", " risk", " framework", " communication", " javascript", " js", " application", " management", " tech", " can", " security", " software", " protocols", " systems", "skills", " information", " project"], "job_industry": "Travel / Tourism", "company_name": "Bright Links India", "job_experience": "10 to 20 Yrs", "job_title": "GM -Zillious product owner Position - Mumbai Location"}, "other_details": {"Other Skills:": ["skills", "information", "project"], "Department:": ["Application Programming / Maintenance"], "Industry:": ["Travel / Tourism"], "Skills:": ["inspect", "risk", "framework", "communication", "javascript", "js", "application", "management", "tech", "can", "security", "software", "protocols", "systems"]}, "topbox_information": {"salary_information": "Rs 10  - 20 Lakh/Yr"}, "jd_information": {"description": "Position : Product ownerJob DescriptionAs the Zillious product / relationship owner; be responsible for the product performance; issues; rollouts; product coverage and future roadmap (for portal as well as mobile platform).JD includes:Create and maintan a Product Backlog; Prioritize and sequence the backlog according to business value or ROI; Assist with the elaboration of Epics, Themes and Features into user processes that are granular enough to be achieved in a single sprint; Convey the Vision and Goals for every Release; Represent / interface and engage the business stakeholders; Participate in periodic Scrums, Planning Meetings and Reviews / Retrospectives; Inspect the product progress at the end of every release and has complete authority to accept or reject work done (Can change the course of the project at the end of every release); Communicate status to all stakeholders.Required SkillsBusiness Analyst, Project Management, Communication Skills, Strategic thinking and planning, Operational execution excellence, Familiarity with CSS, XHTML, one or more Javascript frameworks like Angular.js Backbone.JS etc.;Hands-on experience coding in more than one currently popular web application framework; Familiar with more than one software development methodology; Knowledge of web standards, Internet protocols and RFC standards, database management systems, and revision control systems; Familiarity with information security vulnerabilities and risk management; Familiarity with consumer privacy and payments industry compliance requirements.Qualifications / ExperienceB.E. / B.Tech, 10+ yrs experience in IT / business / industry work experience, with at least 5 years of project management / leadership experience; Experience in IT product / solution management mandatory"}, "_id": "8207277"}