{"company_info": {"Company Description": "Dear Applicant,Are you looking for more than just a job? Then join our Cruise Company United States.We offer flexible schedules, competitive benefits and a supportive work environment.Email idjobcruiserecruiter@outlook.comBest RegardsRecruitment Manager.", "Email": "jobcruiserecruiter@outlook.com", "Company Name": "Freelancer Niraj Ranjan Tiwari", "Telephone": "7387300864"}, "api_data": {"job_location": ["United States of America"], "jd_id": "8208771", "job_keywords": ["merchant navy officers"], "job_industry": "Travel / Tourism", "company_name": "Freelancer Niraj Ranjan Tiwari", "job_experience": "0 to 24 Yrs", "job_title": "Merchant navy officers"}, "other_details": {"Other Skills:": ["merchant navy officers"], "Industry:": ["Travel / Tourism"], "Department:": ["Marine Deck Department", "Marine Service / Steward Department"]}, "topbox_information": {"salary_information": "Rs 50,000  - 50 Lakh/Yr"}, "jd_information": {"description": "Merchant navy officers are employed by commercial shipping companies to work on all kinds of seagoing vessels, such as cruise liners, cargo ships, tankers and hovercraft. These guys typically adopt a deck officer or engineering officer role in a team leading capacity."}, "_id": "8208771"}