{"company_info": {"Company Description": "Dear Applicant,Are you looking for more than just a job? Then join our Company United States.We offer flexible schedules, competitive benefits and a supportive work environment.Email idseacruiserecruitment@outlook.comBest RegardsRecruitment Manager.", "Email": "seacruiserecruitment@outlook.com", "Company Name": "Freelancer Niraj Ranjan Tiwari", "Telephone": "7387300864"}, "api_data": {"job_location": ["United States of America"], "jd_id": "8208777", "job_keywords": ["deck cadet"], "job_industry": "Travel / Tourism", "company_name": "Freelancer Niraj Ranjan Tiwari", "job_experience": "0 to 24 Yrs", "job_title": "Deck Cadet"}, "other_details": {"Other Skills:": ["deck cadet"], "Industry:": ["Travel / Tourism"], "Department:": ["Engineering Design / Construction", "Marine Engineering Department"]}, "topbox_information": {"salary_information": "Rs 50,000  - 50 Lakh/Yr"}, "jd_information": {"description": "Deck Cadet Job Description. Be it on a military vessel or a luxury cruise liner, a Deck Cadet assists in the day-to-day operations and maintenance of the ship. They may help with preparations prior to departure, navigation, safety and maintenance duties and cargo related issues."}, "_id": "8208777"}