{"company_info": {"Company Description": "Dear Applicant,Are you looking for more than just a job? Then join our Company United States.We offer flexible schedules, competitive benefits and a supportive work environment.Email idseacruiserecruitment@outlook.comBest RegardsRecruitment Manager.", "Email": "seacruiserecruitment@outlook.com", "Company Name": "Freelancer Niraj Ranjan Tiwari", "Telephone": "7387300864"}, "api_data": {"job_location": ["United States of America"], "jd_id": "8208767", "job_keywords": ["engineering", "mechanical engineering"], "job_industry": "Travel / Tourism", "company_name": "Freelancer Niraj Ranjan Tiwari", "job_experience": "0 to 24 Yrs", "job_title": "Manager - Mechanical Engineering"}, "other_details": {"Other Skills:": ["mechanical engineering"], "Department:": ["Engineering Design / Construction", "Marine Engineering Department"], "Industry:": ["Travel / Tourism"], "Skills:": ["engineering"]}, "topbox_information": {"salary_information": "Rs 50,000  - 50 Lakh/Yr"}, "jd_information": {"description": "Mechanical engineers produce specifications for, design, develop, manufacture and install new or modified mechanical components or systems. Mechanical engineers need to be technically minded, able to demonstrate numerical and scientific ability and have problem-solving skills."}, "_id": "8208767"}