{"company_info": {"Company Description": "Career Marshal ( A Group Company of Seventy9 DealsIndia Pvt Ltd.) .We are Leading Online Job Portal and HR consultants.Hire for different sectors like Hospitality,BPO,Banking,Retail,Travel,Etc.", "Email": "afreen.careermarshal@gmail.com", "Company Name": "Seventy9 Deals India Pvt Ltd", "Telephone": "9999558662"}, "api_data": {"job_location": ["Gurugram"], "jd_id": "8208497", "job_keywords": ["sales", "travel"], "job_industry": "Travel / Tourism", "company_name": "Seventy9 Deals India Pvt Ltd", "job_experience": "0 to 4 Yrs", "job_title": "Hiring for Travel Service Consultant"}, "other_details": {"Other Skills:": ["travel"], "Department:": ["Tour / Travel Management"], "Industry:": ["Travel / Tourism"], "Skills:": ["sales"]}, "topbox_information": {"salary_information": "Rs 2.0  - 4.0 Lakh/Yr"}, "jd_information": {"description": "&nbsp;&nbsp;&nbsp;Intrested candidates can drop their CV at afreen.careermarshal@gmail.comContact: Afreen NishaNo.: 9999558662"}, "_id": "8208497"}