{"company_info": {"Company Description": "A furious welcome by Hosanna Tours and Travels, an one stop place in service which offers a variety of Domestics &amp; International tour packages for its customers. We assure that we will make the visitors to feel more than the comfort level.Personalized service is our specialty. We believe in quality service and we guarantee good value for your money and complete satisfaction of its customer is the motto of our company which is being accomplished with the help of most competent pool of human resources.", "Company Name": "Hosanna Tours and Travels Pvt Ltd."}, "api_data": {"job_location": ["Salem"], "jd_id": "8212408", "job_keywords": ["Negotiate the terms of an agreement  ", "   close sales"], "job_industry": "Travel / Tourism", "company_name": "Hosanna Tours and Travels Pvt Ltd.", "job_experience": "3 to 6 Yrs", "job_title": "Asst Manager Sales"}, "other_details": {"Other Skills:": ["Negotiate the terms of an agreement", "close sales"], "Industry:": ["Travel / Tourism"], "Department:": ["Sales / BD"]}, "topbox_information": {"salary_information": ""}, "jd_information": {"description": ""}, "_id": "8212408"}