{"company_info": {"Email": "bhawana.rawat@assuredjob.in", "Telephone": "9759214476"}, "api_data": {"job_location": ["Mumbai City"], "jd_id": "8213541", "job_keywords": ["sabre", " ticketing", " communication", " iata", " amadeus", " galileo", "refund", " skills", " reservations", " reissue", " issue", " cancellation"], "job_industry": "Travel / Tourism", "company_name": "[Company Hidden]", "job_experience": "1 to 6 Yrs", "job_title": "Hiring for Ticketing Executive"}, "other_details": {"Other Skills:": ["refund", "skills", "reservations", "reissue", "issue", "cancellation"], "Department:": ["Reservation / Ticketing"], "Industry:": ["Travel / Tourism"], "Skills:": ["sabre", "ticketing", "communication", "iata", "amadeus", "galileo"]}, "topbox_information": {"salary_information": ""}, "jd_information": {"description": "We are hiring for the below mentioned position in a leading Travel Company:Designation: Ticketing ExecutiveLocation: Mumbai (Andheri East)CTC- 25k grossIn case interested, kindly call us on +91-9759214476 or mail CV to assuredjob3@gmail.com"}, "_id": "8213541"}