{"company_info": {"Email": "soniahrpandit@gmail.com", "Company Name": "Talent Turf", "Telephone": "7021132857"}, "api_data": {"job_location": ["Mumbai City"], "jd_id": "8215257", "job_keywords": ["specialist", " consultant", " tour", " holiday packages", " ticketing executive", " tour packages"], "job_industry": "Travel / Tourism", "company_name": "Talent Turf", "job_experience": "1 to 4 Yrs", "job_title": "Travel Consultant Require at Khar"}, "other_details": {"Other Skills:": ["specialist", "consultant", "tour", "holiday packages", "ticketing executive", "tour packages"], "Industry:": ["Travel / Tourism"], "Department:": ["Reservation / Ticketing"]}, "topbox_information": {"salary_information": "Rs 1.5  - 2.0 Lakh/Yr"}, "jd_information": {"description": "Travel Consultant require for company located at Khar.Only Female CandidatesWith 1 to 4 years experienceJob Description :1. Handling all the functions related to Booking to Ticket issuance, Re-issuance, Cancellations &amp; Refunds.2. Handle GDS Queues, Calls, and emails.3. Making and confirming flight itinerary, hotel accommodation and transportation for business&nbsp;travelers.4. Attend and be accountable for customer queries and communications.5. Motivate the team and keep team updated on&nbsp;travel&nbsp;regulations, policies and developments.6 Handel Holiday Packages Domestic &amp; InternationalSalary up to 18,000 /- pm&nbsp;Immediate Joining requireinterested candidates forward updated cv on soniahrpandit@gmail.comor call on &nbsp;7021132857&nbsp;Thanks &amp; Regards,Sonia&nbsp;"}, "_id": "8215257"}