{"company_info": {"Company Description": "", "Email": "hr@arnavhrsolutions.in", "Company Name": "Arnav HR Solutions", "Telephone": "9899272554"}, "api_data": {"job_location": ["Noida"], "jd_id": "8218701", "job_keywords": ["sales", ""], "job_industry": "Travel / Tourism", "company_name": "Arnav HR Solutions", "job_experience": "0 to 5 Yrs", "job_title": "Urgent requirement of Asst. Executive/Executive/Sr. Executive/Asst. Manager"}, "other_details": {"Department:": ["Sales / BD"], "Industry:": ["Travel / Tourism"], "Skills:": ["sales"]}, "topbox_information": {"salary_information": "Rs 1.5  - 3.5 Lakh/Yr"}, "jd_information": {"description": "Urgent requirement of&nbsp;Asst. Executive/Executive/Sr. Executive/Asst. Manager/Manager-Sales in Noida Based New car rental company&nbsp;Skills Required:Meeting with clientArranging awareness compainsTargeting corporate client&nbsp;Experience- 6 Months to 6 yearsSalary-1.5 L to 3.5 LInterested candidate please share your resume on hr@arnavhrsolutions.in or contact on 8800092165Thanks,Jayant Kumar8800092165&nbsp;"}, "_id": "8218701"}