{"company_info": {"Email": "hr.thms123@gmail.com", "Company Name": "Talent Hunters Manpower Solutions", "Telephone": "9764112213"}, "api_data": {"job_location": ["Bangalore", "Chennai", "Hyderabad"], "jd_id": "8219751", "job_keywords": ["sales", " store", "b2b sales", " manager", " corporate sales"], "job_industry": "Travel / Tourism", "company_name": "Talent Hunters Manpower Solutions", "job_experience": "1 to 5 Yrs", "job_title": "WE ARE URGENTLY HIRING FOR STORE Manager -PAN INDIA"}, "other_details": {"Other Skills:": ["b2b sales", "manager", "corporate sales"], "Department:": ["Finance / Accounts / Tax"], "Industry:": ["Travel / Tourism"], "Skills:": ["sales", "store"]}, "topbox_information": {"salary_information": "Rs 3.0  - 5 Lakh/Yr"}, "jd_information": {"description": "Talent Hunters Hiring for Tours and Travel company :&nbsp;Position:Store ManagerLocations:Goa, Ahmedabad , Chandrapur(Nagpur) Panvel (Navi mumbai)Department: FranchiseeTotal Exp:-Minimum 1 to 5 yrs experience in Travel ,&amp; Tourism&middot; Education Qualification: Any GraduateShould be from Travel/Tourism industryJob Requirements :Should have experience in FIT Sales for destinations like US, Europe, Australia, NZ, South Africa, Dubai, Far East. JD mailed as attachment.Candidate Specification&middot; Experience of selling products i.e. Group and FIT Packages (International &amp; Domestic).&middot; Knowledge about the company&rsquo;s productsSalary(CTC):4.5lpa&nbsp;Notice Period:- Immediate joinees preferred, MAX. 1MONTH&nbsp;If interested you can send me your CV for this E-mail ID-singhpink924@gmail.com/hr.thms123@gmail.com OR you can call me on this Numbers -9867311024/9168920073.&nbsp;Regards,&nbsp;Pinky&nbsp;9867311024TALENT HUNTERS MANPOWER SOLUTIONS&nbsp;&nbsp;&nbsp;"}, "_id": "8219751"}