{"company_info": {"Email": "hr.thms123@gmail.com", "Company Name": "Talent Hunters Manpower Solutions", "Telephone": "9734112213"}, "api_data": {"job_location": ["Mumbai City"], "jd_id": "8219711", "job_keywords": ["mice", " sales", "costing", " sales executive", " itineraries", " product", " marketing"], "job_industry": "Travel / Tourism", "company_name": "Talent Hunters Manpower Solutions", "job_experience": "4 to 9 Yrs", "job_title": "MULTIPLE OPENINGS FOR MICE SALES & OPERATIONS"}, "other_details": {"Other Skills:": ["costing", "sales executive", "itineraries", "product", "marketing"], "Department:": ["Tour / Travel Guide", "Tour / Travel Management"], "Industry:": ["Travel / Tourism"], "Skills:": ["mice", "sales"]}, "topbox_information": {"salary_information": "Rs 5  - 10 Lakh/Yr"}, "jd_information": {"description": "TALENT HUNTERS ARE HIRING FOR TOURS AND TRAVEL COMPANY FOR P &amp; C ( PRODUCT AND COSTING) AND SALES.BASIC REQUIREMENT:&nbsp;&nbsp;IF YOU FIND THIS JOB SUITABLE TO CAN SEND ME YOUR CV ON THE GIVEN EMAIL ID singhpink924@gmail.com/hr.thms123@gmail.com or you can call me on this number&nbsp;9867311024&nbsp;Regards,Pinky"}, "_id": "8219711"}