{"company_info": {"Company Description": "TFG VACATIONS INDIA PRIVATE LIMITEDTFG VACATIONS INDIA PVT.LTD, one of the fast growing company in Travel &amp; Tourism industry is providing online income opportunity.We need committed &amp; result-oriented people who can join hands with us &amp; contribute in the promotion.Earn huge benefits in form of income (weekly/monthly).Come &amp; work in a no target, no selling, no work pressure, no time Boundation &amp; no boss environment.", "Email": "prashanttfg@gmail.com", "Company Name": "TFG VACATIONS   INDIA PRIVATE LIMITED", "Telephone": "7409024469"}, "api_data": {"job_location": ["Gwalior", "Malappuram", "Jabalpur", "Kozhikode", "Ujjain", "Ahmednagar", "Bhopal", "Ratlam", "Sagar", "Satna"], "jd_id": "8220411", "job_keywords": ["internet media", " facebook marketing", " online advertising", " internet marketing", " online branding", " web marketing", " web promotion", " mobile marketing", " google adwords", " digital marketing"], "job_industry": "Travel / Tourism", "company_name": "TFG VACATIONS   INDIA PRIVATE LIMITED", "job_experience": "0 to 1 Yr", "job_title": "Online Internet Web Marketing Executive"}, "other_details": {"Other Skills:": ["internet media", "facebook marketing", "online advertising", "internet marketing", "online branding", "web marketing", "web promotion", "mobile marketing", "google adwords", "digital marketing"], "Industry:": ["Travel / Tourism"], "Department:": ["Internet Marketing", "Networking"]}, "topbox_information": {"salary_information": "Rs 4.5  - 10 Lakh/Yr"}, "jd_information": {"description": "We need committed &amp; result-oriented people who can join hands with us &amp; contribute in the promotion.Earn huge benefits in form of income (weekly/monthly).Come &amp; work in a no target, no selling, no work pressure, no time Boundation &amp; no boss environment.Nature of Business:&nbsp;Promotion of Tourism&nbsp;services.Income:&nbsp;You can earn up to Rs.45,000/- per month.Benefit:&nbsp;No Time Bound, No Skill required.Call Now or Whats app @ 7409024469&nbsp;"}, "_id": "8220411"}