{"company_info": {"Company Name": "[Company Hidden]"}, "api_data": {"job_location": ["Canada", "Qatar", "New Zealand", "Bangalore", "Noida", "Chennai", "United Arab Emirates", "Hyderabad", "Vijayawada", "Kolkata", "Gurugram", "Pune", "Mumbai City", "Germany", "Delhi"], "jd_id": "8220523", "job_keywords": ["communication", " mis", " management", " documentation", "vendor", " guest", " skills", " house", " travel", " satisfaction", " desk", " reservation", " ticket", " coordination", " booking"], "job_industry": "Travel / Tourism", "company_name": "[Company Hidden]", "job_experience": "2 to 7 Yrs", "job_title": "Travel Sales Consultant"}, "other_details": {"Other Skills:": ["vendor", "guest", "skills", "house", "travel", "satisfaction", "desk", "reservation", "ticket", "coordination", "booking"], "Department:": ["Reservation / Ticketing", "Tour / Travel Management"], "Industry:": ["Travel / Tourism"], "Skills:": ["communication", "mis", "management", "documentation"]}, "topbox_information": {"salary_information": ""}, "jd_information": {"description": ""}, "_id": "8220523"}