{"company_info": {"Company Name": "Alp Consulting Ltd"}, "api_data": {"job_location": ["Mumbai City"], "jd_id": "8222378", "job_keywords": ["Ticketing Agent ", "  communication skill"], "job_industry": "Travel / Tourism", "company_name": "Alp Consulting Ltd", "job_experience": "1 to 2 Yrs", "job_title": "Ticketing Agent"}, "other_details": {"Other Skills:": ["Ticketing Agent", "communication skill"], "Industry:": ["Travel / Tourism"], "Department:": ["Reservation / Ticketing"]}, "topbox_information": {"salary_information": ""}, "jd_information": {"description": ""}, "_id": "8222378"}