{"company_info": {"Company Description": "Keya IT Research Pvt. Ltd is an iso certified company, primarily dealing with bpo, kpo, IT, research &amp; development in web services as well as training and recruitment to cater the endless possibilities for right candidates.&nbsp;", "Email": "JOBS.SEEMAKOLI@GMAIL.COM", "Company Name": "Keya IT Research Pvt. Ltd", "Telephone": "9599107703"}, "api_data": {"job_location": ["Delhi"], "jd_id": "8226999", "job_keywords": ["voice process", " international voice process", " international voice"], "job_industry": "Travel / Tourism", "company_name": "Keya IT Research Pvt. Ltd", "job_experience": "1 to 2 Yrs", "job_title": "HIRING FOR TRAVEL/TOUR PROFILE SALES PROFILE( INTERNATIONAL VOICE)"}, "other_details": {"Other Skills:": ["voice process", "international voice process", "international voice"], "Industry:": ["Travel / Tourism"], "Department:": ["Sales / BD"]}, "topbox_information": {"salary_information": "Rs 3.5  - 4.5 Lakh/Yr"}, "jd_information": {"description": "TRAVEL/TOUR PROFILE SALES PROFILE( INTERNATIONAL VOICE)LOCATION: DWARKA SEC 7SHIFT: DAY SHIFTEXP: 1-2YR( SAME PROFILE)&nbsp;COMMUNICATION MUST BE EXCELLENTEXP CANDIDATE ONLY APPLY&nbsp;&nbsp;CONTACT: 9599107703SEEMA&nbsp;"}, "_id": "8226999"}