{"company_info": {"Company Description": "Black Moon HR Consultancy Services, a Strong in Manpower Recruitment Industry provides End-to-End Recruitment Solutions for all varieties of Industries.", "Email": "nila@blackmoonhr.com", "Company Name": "Black Moon HR Consultancy Services"}, "api_data": {"job_location": ["Coimbatore"], "jd_id": "8227097", "job_keywords": ["sales", " amp", " marketing", " ticketing", " rs", ""], "job_industry": "Travel / Tourism", "company_name": "Black Moon HR Consultancy Services", "job_experience": "0 to 2 Yrs", "job_title": " Opening for Travel Coordinator- executive"}, "other_details": {"Department:": ["Tour / Travel Management", "Reservation / Ticketing"], "Industry:": ["Travel / Tourism"], "Skills:": ["sales", "amp", "marketing", "ticketing", "rs"]}, "topbox_information": {"salary_information": "< Rs 50,000  - 2.5 Lakh/Yr"}, "jd_information": {"description": "We are looking Travel&nbsp;Coordinator- executive&nbsp;for a Coimbatore&nbsp;Location, as per details given below.&nbsp;&nbsp;Position : Travel Coordinator- executiveQualifications :&nbsp;Any degreeMonthly Salary : Rs. 8,000 to&nbsp;15,000&nbsp;Brief Job Description :The candidate will be responsible for designing itineraries, costing and reservations for outbound queries, getting rates from the Hotels and airlines, confirming hotel bookings, car rentals, sightseeing and other related activities. Experience in quality servicing and follow up with the customers is a must. He should be comfortable with major tourist destinations. The candidate will be dealing with foreign clients and suppliers. Should have excellent communication skills. Candidates who have good communication can applyKindly forward your updated CV to nila@blackmoonhr.com you are interested on the above requirement.&nbsp;&nbsp;Regards&nbsp;NILA.G"}, "_id": "8227097"}