{"company_info": {"Company Description": "ntram Gazebo Dot Com eTech Pvt Ltd is a young travel technology startup which was created towards end of 2013 to launch technologically advanced solutions for travel vertical . The back office being the unglamorous and the most weakest and the most neglected aspect of travel technology , it was envisioned by the promoters to revolutionize this aspect and present solutions that was bring about a paradigm change in the way back office functions are handled.The single minded focus of Intram Gazebo was to be on the fore front of cutting edge technologies . Three years ago Intram Gazebo placed its bets on Cloud Computing . It has invested millions of rupees in creating the next generation ERP for travel business and put it on the Cloud. The power of ERP and scalability of Cloud..... the effort culminated in Intram Gazebo - India's First and the most Powerful ERP on the Cloud.", "Email": "karishmasinha30@gmail.com", "Company Name": "Kick Start Solutions Hiring For Intram Gazebo", "Telephone": "9716761796"}, "api_data": {"job_location": ["Noida", "Ghaziabad"], "jd_id": "8227243", "job_keywords": ["marketing", " sales", "direct"], "job_industry": "Travel / Tourism", "company_name": "Kick Start Solutions Hiring For Intram Gazebo", "job_experience": "2 to 3 Yrs", "job_title": "Sales Executives"}, "other_details": {"Other Skills:": ["direct"], "Department:": ["Sales / BD", "Distributor Sales Rep"], "Industry:": ["Travel / Tourism"], "Skills:": ["marketing", "sales"]}, "topbox_information": {"salary_information": "Rs 2.0  - 2.5 Lakh/Yr"}, "jd_information": {"description": "To promote the sales of Gazebo . Includesprospecting , engagement , presentation , negotiations and closure .Mix of transactional and consultative salesSoft Skills - Excellent dressing sense , excellent written &amp;spoken english , excellent presentation skillsTravelling - Job entails casual travelling"}, "_id": "8227243"}