{"company_info": {"Company Description": "We\u00a0\u201cLeom International\" (ISO Certified 9001  2015) established in 2014, our head office located in Punjab is very close to Chandigarh Domestic and International Airports. We have our domestic branches in Punjab, Haryana, Himachal Pradesh, New Delhi, Uttrakhand, and Rajasthan. Here, Our expertise lies in offering complete support to client companies for meeting the recruitment and staffing needs in industries like, Mechanical and Civil Construction, hospitality etc. The package includes handling complete aspects of profile from sourcing, selection, shortlisting, interviews and recruitment", "Email": "anuja.leom@gmail.com", "Company Name": "Leom    International", "Telephone": "9501781441"}, "api_data": {"job_location": ["Chandigarh"], "jd_id": "8227009", "job_keywords": ["ticketing", " air", "travels", " tour"], "job_industry": "Travel / Tourism", "company_name": "Leom    International", "job_experience": "0 to 2 Yrs", "job_title": "Looking Candidate For Tour travels / Air Ticketing"}, "other_details": {"Other Skills:": ["travels", "tour"], "Department:": ["Recruitment", "Reservation / Ticketing"], "Industry:": ["Travel / Tourism"], "Skills:": ["ticketing", "air"]}, "topbox_information": {"salary_information": "Rs 1.5  - 2.0 Lakh/Yr"}, "jd_information": {"description": "Looking For Candidate(Tour travels / Air Ticketing)Location: - ZirkpurNo. of Positions: 05(Female Required)Salary: 10k -20K (Depends upon Experience)Exp: Minimum 1 yearQualification: AnyInterested candidates can call me at 9501781441 (Anuja) and drop ur cv at anuja.leom@gmail.com"}, "_id": "8227009"}