{"company_info": {"Company Description": "Alliance Recruitment Agency", "Company Name": "Alliance Recruitment Agency"}, "api_data": {"job_location": ["Ahmedabad"], "jd_id": "8228600", "job_keywords": ["sales ", "  business development", ""], "job_industry": "Travel / Tourism", "company_name": "Alliance Recruitment Agency", "job_experience": "0 to 3 Yrs", "job_title": "Hiring  SALES OFFICER"}, "other_details": {"Department:": ["Sales / BD"], "Industry:": ["Travel / Tourism"], "Skills:": ["sales", "business development"]}, "topbox_information": {"salary_information": ""}, "jd_information": {"description": ""}, "_id": "8228600"}