{"company_info": {"Company Description": "Company profileassuredjob.com is one of the leading companies based in New Delhi, Delhi operating in placement and recruitment industry. We are offering specialized services in all recruitment disciplines.#11;#11;We strive to achieve the same level of understanding you have about your business. To Assuredjob.com that's paramount. But we also bring with us prodigious knowledge of recruitment practice and up to date assessment methods.&nbsp;", "Email": "assuredjob12@gmail.com", "Company Name": "[Company Hidden]", "Telephone": "9759214475"}, "api_data": {"job_location": ["Navi Mumbai", "Mumbai City"], "jd_id": "8228113", "job_keywords": ["communication", " sales", "development", " field", " business"], "job_industry": "Travel / Tourism", "company_name": "[Company Hidden]", "job_experience": "0 to 4 Yrs", "job_title": "Visa B2B Sales Executive"}, "other_details": {"Other Skills:": ["development", "field", "business"], "Department:": ["Field Sales Executive"], "Industry:": ["Travel / Tourism"], "Skills:": ["communication", "sales"]}, "topbox_information": {"salary_information": ""}, "jd_information": {"description": "We are hiring for the below mentioned position for aTravelCompany:&nbsp;Designation: B2B Sales Executive_Visa&nbsp;CTC: Rs 2.5 LPA to 3.00 LPA&nbsp;Location: MumbaiRequired Skills-Good Communication skillsFreshers withIATA certificationcan apply.Candidates with experience in Sales inTravel industrypreferred.Job responsibilities:&middot;Field Sales&middot; GenerateVISAbusiness through travel agents.In case interested kindly contact on+91-9759214475or share your CV onassuredjob12@gmail.com"}, "_id": "8228113"}