{"company_info": {"Company Name": "TALENT STOCK SOLUTIONS"}, "api_data": {"job_location": ["Bangalore"], "jd_id": "8228484", "job_keywords": ["Management", "Logistics Co", " dinat", "   Vend", "   Vend", "  development ", "   Operations Executive ", "   Vehicle Netw", " king ", "   Supplies executive"], "job_industry": "Travel / Tourism", "company_name": "TALENT STOCK SOLUTIONS", "job_experience": "1 to 4 Yrs", "job_title": "Vehicle Coordinator/ Transport Executives"}, "other_details": {"Other Skills:": ["Logistics Co", "dinat", "Vend", "Vend", "development", "Operations Executive", "Vehicle Netw", "king", "Supplies executive"], "Department:": ["Tour / Travel Management"], "Industry:": ["Travel / Tourism"], "Skills:": ["Management"]}, "topbox_information": {"salary_information": ""}, "jd_information": {"description": ""}, "_id": "8228484"}