{"company_info": {"Company Description": "Prominant Recruitment consultants in Chennai", "Company Name": "Aargee Staffing Services Pvt Ltd"}, "api_data": {"job_location": ["Chennai"], "jd_id": "8231256", "job_keywords": ["C", "Travel manager ", " p", " ate travel"], "job_industry": "Travel / Tourism", "company_name": "Aargee Staffing Services Pvt Ltd", "job_experience": "7 to 12 Yrs", "job_title": "Corporate Travel Manager"}, "other_details": {"Other Skills:": ["Travel manager", "p", "ate travel"], "Department:": ["Marine Service / Steward Department"], "Industry:": ["Travel / Tourism"], "Skills:": ["C"]}, "topbox_information": {"salary_information": ""}, "jd_information": {"description": ""}, "_id": "8231256"}