{"company_info": {"Company Name": "Business Guru"}, "api_data": {"job_location": ["Chennai"], "jd_id": "8233904", "job_keywords": ["maintain the co", " dination with ticketing system service"], "job_industry": "Travel / Tourism", "company_name": "Business Guru", "job_experience": "0 to 1 Yr", "job_title": "Ticketing Executive"}, "other_details": {"Other Skills:": ["maintain the co", "dination with ticketing system service"], "Industry:": ["Travel / Tourism"], "Department:": ["Reservation / Ticketing"]}, "topbox_information": {"salary_information": ""}, "jd_information": {"description": ""}, "_id": "8233904"}