{"company_info": {"Company Description": "A CMMI Level5 and PCMM Level5 Company, is a Global Information Technology and Business Process Outsourcing (BPO) company.", "Email": "mahi.asapstaffingsolutions@gmail.com", "Company Name": "ASAP Staffing Solutions.", "Telephone": "9971074445"}, "api_data": {"job_location": ["Gurugram", "Delhi"], "jd_id": "8235111", "job_keywords": ["travel sales", "  travel sales", "  fares", " hotel booking", "  amadeus", "  airline process", "  apollo", "  flight", "  gds", "  galileo", " manual fare calculation", "  airlines/merchant chargeback", "  international process", "  reservation knowledge", "  ticketing", " travel agent", "  international ticketing", " holiday package", "  travel", "  sabre", "  holiday package", " travel management", " fare calculation"], "job_industry": "Travel / Tourism", "company_name": "ASAP Staffing Solutions.", "job_experience": "1 to 3 Yrs", "job_title": "Hiring for travel process"}, "other_details": {"Other Skills:": ["travel sales", "travel sales", "fares", "hotel booking", "amadeus", "airline process", "apollo", "flight", "gds", "galileo", "manual fare calculation", "airlines/merchant chargeback", "international process", "reservation knowledge", "ticketing", "travel agent", "international ticketing", "holiday package", "travel", "sabre", "holiday package", "travel management", "fare calculation"], "Industry:": ["Travel / Tourism"], "Department:": ["Reservation / Ticketing", "Customer Service (International)"]}, "topbox_information": {"salary_information": "Rs 1.0  - 3.0 Lakh/Yr"}, "jd_information": {"description": "we are hiring for.Refund / Fare Calculation Backend processEligibility&Oslash; Under Graduate or Graduate with any GDS (Amadeus/Sabre/Galileo/Apollo/ World span)&nbsp;Galileo help desk experience candidates will be preferred&Oslash; Fare ladder reading knowledge, Manual fare calculation knowledge&Oslash; Shifts &ndash;&nbsp;Day Shift&nbsp;8am to 5pm&Oslash; Salary &ndash;&nbsp;20pm&nbsp;(2.7PA) Plus performance based incentive up to 6000 Incentive and night allowance of Rs. 1000UK Travel Email processEligibility&Oslash; Under Graduate&nbsp;/&nbsp;Graduate with&nbsp;Reservation&nbsp;experience on any GDS and international process (Amadeus/Sabre/Galileo/Apollo) .&Oslash; Shifts &ndash;&nbsp;3pm to 12am&nbsp;UK shift&Oslash; Salary&nbsp;&ndash; (26.5pm)&nbsp;3.5PA&nbsp;(exceptions can be taken) Plus performance based incentive up to 6000 Incentive and night allowance of Rs. 1000Singapore/Australia Voice Travel ProcessEligibility&Oslash; Graduate or Undergraduate with working experience on any GDS experience and international process knowledge&Oslash; Shift &ndash;&nbsp;8am to 5pm,&nbsp;6am to 3pm&nbsp;(Morning Shift)&Oslash; Salary &ndash;&nbsp;(21.7pm) 2.9PA&nbsp;(exceptions can be taken) Plus performance based incentive up to 6000 Incentive and night allowance of Rs. 1000&nbsp;send your updated cv on shubhi.asapstaffing@gmail.com or call on 9971729074THANKS &amp; REGARDSSHUBHIASAP STAFFING SOLUTIONS9971729074"}, "_id": "8235111"}