{"company_info": {"Company Description": "We are leading Consultancy based at New Delhi. We are catering multiple domains on PAN India location", "Company Name": "Freelancer Neha Rani"}, "api_data": {"job_location": ["Delhi"], "jd_id": "8235203", "job_keywords": ["operations", " selling", " ticketing", " communication", " documentation", " sales", " amadeus", " galileo", " insurance", "outbound", " travel sales", " international flights", " reservations", " travel", " agency", " holiday packages"], "job_industry": "Travel / Tourism", "company_name": "Freelancer Neha Rani", "job_experience": "1 to 4 Yrs", "job_title": "Hiring Travel Consultant ( International ) for Delhi location"}, "other_details": {"Other Skills:": ["outbound", "travel sales", "international flights", "reservations", "travel", "agency", "holiday packages"], "Department:": ["Sales / BD"], "Industry:": ["Travel / Tourism"], "Skills:": ["operations", "selling", "ticketing", "communication", "documentation", "sales", "amadeus", "galileo", "insurance"]}, "topbox_information": {"salary_information": "Rs 2.0  - 3.0 Lakh/Yr"}, "jd_information": {"description": "Job Description:Desired Candidate Profile:Outbound sales (travel)-Good communication skill-Self-driven, result-oriented-Computer skills-Business and Selling Skills-Concept Selling -Destination knowledge&nbsp;(international)*Receiving calls and providing the passengers with the best possible routeing for their destination and competitive fares available in the market.*Helping clients with&nbsp;travel&nbsp;planning, business packages, vacation packages as well as&nbsp;travel&nbsp;advice &amp; information.*Selling vacation packages including flight, hotel, car and extra activities.*Knowledge of making Itinerary.*Should make&nbsp;travel, accommodation and related bookings.*Confirm bookings and notify clients of luggage limits and insurance requirements.*Issue tickets for&nbsp;travel, accommodation vouchers and all relevant documentation.*Collect payments and maintain records of transactions.&nbsp;&nbsp;"}, "_id": "8235203"}