{"company_info": {"Company Description": "VMAKE VISAS PROVIDE (ORAS) \u201cOVERSEAS RESUME ADVERTISEMENT SERVICES\u201d\u00a0IN CANADA ,AUSTRALIA.ORAS-VMAKE VISAS PROVIDE (ORAS) \u201cOVERSEAS RESUME ADVERTISEMENT SERVICES\u201dMIDDAL EAST COUNTRY, CANADA, AUSTRALIA, UK, USA, NEW ZEALAND, NORWAY,DENMARK AND REST OF THE WORLD.ANDFOR AUSTRALIA PERMANENT RESIDENCY-HOT OCCUPATIONS WIDE OPEN IN AUSTRALIA FOR IMMIGRATION FOR SKILLED PROFESSIONALS.ANDFOR CANADA PERMANENT RESIDENCY-CANADA FEDERAL SKILLED MIGRATION.ANDVISA IMMIGRATION CONSULTANCY SERVICES -BUSINESS VISA, INVESTMENT VISA , WORK &amp; WORK PERMIT VISA, VISIT &amp; VISITORS VISA, DEPENDENT VISA, TOURIST VISA, SPOUSE VISA, STUDY VISA.(PERMANENT RESIDENCY), CANADA, AUSTRALIA, UK, USA, NEW ZEALAND, NORWAY DENMARK AND SINGAPORE,ANDSTUDY ABROAD-STUDY ABROAD CONSULTANTS,STUDY ABROAD COUNSELORS.CANADA, AUSTRALIA, UK, USA, NEW ZEALAND, NORWAY, \u00a0DENMARK &amp; SINGAPORE.VMAKE VISAS(Immigrant Immigrates with Vmake Visas )VMAKE VISAS PVT. LTD.", "Email": "hrpune@vmakevisas.in", "Company Name": "VMAKE Visas Pvt Ltd.", "Telephone": "7030939000"}, "api_data": {"job_location": ["Pune"], "jd_id": "8241719", "job_keywords": ["selling", " counselling", " science", " marketing", " english", " sales", " communication", " biotechnology", " electronics", " chemistry", "good", " fresher", " media", " in", " it", " graduate", " computer", " mass", " house", " maths", " analyst", " consultant"], "job_industry": "Travel / Tourism", "company_name": "VMAKE Visas Pvt Ltd.", "job_experience": "0 to 2 Yrs", "job_title": "Hiring for Sales Consultant (Female Candidates)"}, "other_details": {"Other Skills:": ["good", "fresher", "media", "in", "it", "graduate", "computer", "mass", "house", "maths", "analyst", "consultant"], "Department:": ["Pre-Sales"], "Industry:": ["Travel / Tourism"], "Skills:": ["selling", "counselling", "science", "marketing", "english", "sales", "communication", "biotechnology", "electronics", "chemistry"]}, "topbox_information": {"salary_information": "Rs 1.5  - 2.0 Lakh/Yr"}, "jd_information": {"description": "Dear Candidates,We are having opening for enthusiastic candidates who are looking for a bright future with Vmake Visas Pvt Ltd. an leading Immigration FirmAll you need to have is:&bull; Strong communication skills to confidently explain information and converse with customers/clients&bull; Organizational skills to effectively process all paperwork/services&bull; Self-confidence to take the initiative to approach potential customers/clients&bull; Achievement-motivated to work with Vmake Visas Pvt Limited and surpass realistic goalsNote:This opening is only for Female candidates. Training will be provided to you.If you are interested in this opportunity, please forward your resume to :hrpune@vmakevisas.in&nbsp;Address: Vmake Visas Pvt. Ltd.office&nbsp;No. 301,302,303 Wing N,Mega Centre, Hadapsar,&nbsp;Pune-411013, India.&nbsp;Contact:7030939000"}, "_id": "8241719"}