{"company_info": {"Company Description": "", "Email": "info@jjindia.co.in", "Company Name": "J.J. India Hiring For J.J. India", "Telephone": "9811008929"}, "api_data": {"job_location": ["Delhi"], "jd_id": "8242715", "job_keywords": ["accounts", ""], "job_industry": "Travel / Tourism", "company_name": "J.J. India Hiring For J.J. India", "job_experience": "2 to 4 Yrs", "job_title": "Required Account Executive at East of Kailash"}, "other_details": {"Department:": ["Finance / Accounts / Tax"], "Industry:": ["Travel / Tourism"], "Skills:": ["accounts"]}, "topbox_information": {"salary_information": "Rs 2.0  - 3.5 Lakh/Yr"}, "jd_information": {"description": "Urgently Required Account Executive. Candidate should have experience of working with any travel Company. Should know Yatra software. Candidate should be Graduate or Post Graduate. Candidate Should have 3-4 yrs of experience in Accounts.Salary: 18K-30K (negotiable as per last salary)Interested candidates can meet at J.J.INDIA, B-108, 2nd Floor, Lajpat Nagar, Part-1, New Delhi-110024 Ph: 9811008929, Email: info@jjindia.co.in&nbsp;"}, "_id": "8242715"}