{"company_info": {"Company Description": "VMAKE VISAS PROVIDE (ORAS) \u201cOVERSEAS RESUME ADVERTISEMENT SERVICES\u201d\u00a0IN CANADA ,AUSTRALIA.ORAS-VMAKE VISAS PROVIDE (ORAS) \u201cOVERSEAS RESUME ADVERTISEMENT SERVICES\u201dMIDDAL EAST COUNTRY, CANADA, AUSTRALIA, UK, USA, NEW ZEALAND, NORWAY,DENMARK AND REST OF THE WORLD.ANDFOR AUSTRALIA PERMANENT RESIDENCY-HOT OCCUPATIONS WIDE OPEN IN AUSTRALIA FOR IMMIGRATION FOR SKILLED PROFESSIONALS.ANDFOR CANADA PERMANENT RESIDENCY-CANADA FEDERAL SKILLED MIGRATION.ANDVISA IMMIGRATION CONSULTANCY SERVICES -BUSINESS VISA, INVESTMENT VISA , WORK &amp; WORK PERMIT VISA, VISIT &amp; VISITORS VISA, DEPENDENT VISA, TOURIST VISA, SPOUSE VISA, STUDY VISA.(PERMANENT RESIDENCY), CANADA, AUSTRALIA, UK, USA, NEW ZEALAND, NORWAY DENMARK AND SINGAPORE,ANDSTUDY ABROAD-STUDY ABROAD CONSULTANTS,STUDY ABROAD COUNSELORS.CANADA, AUSTRALIA, UK, USA, NEW ZEALAND, NORWAY, \u00a0DENMARK &amp; SINGAPORE.VMAKE VISAS(Immigrant Immigrates with Vmake Visas )VMAKE VISAS PVT. LTD.", "Email": "hrdelhi@vmakevisas.in", "Company Name": "VMAKE Visas Pvt Ltd.", "Telephone": "011 48414141"}, "api_data": {"job_location": ["Delhi"], "jd_id": "8242739", "job_keywords": ["consulting", "visa processing", " immigration"], "job_industry": "Travel / Tourism", "company_name": "VMAKE Visas Pvt Ltd.", "job_experience": "0 to 1 Yr", "job_title": "Immigration Consultants Required"}, "other_details": {"Other Skills:": ["visa processing", "immigration"], "Department:": ["Sales / BD"], "Industry:": ["Travel / Tourism"], "Skills:": ["consulting"]}, "topbox_information": {"salary_information": "Rs 2.0  - 3.0 Lakh/Yr"}, "jd_information": {"description": "1. Helping Individuals Who are wanting who are interested in going abroad by attending to customer walkins / emailers / tele etc etc to reallocate Internationally2.The Immigration Consultant must interview all clients and ensure that the client is suitable for the process&nbsp;3. Providing counseling and customer service to the prospects/clients over phone or in person&nbsp;4. It will be the in-house profile5.&nbsp;Calling prospective clients and making follow ups on daily basis6.&nbsp;Responsible for meeting monthly sales targets by converting warm leads and enquiries to prospects clients7. Working on Filtered leads8.&nbsp;Work As a Business Development Consultant and a Counselor"}, "_id": "8242739"}