{"company_info": {"Company Description": "It is a leading multi divisional company in telecommunication industry with more than 10 years of experience.&nbsp;", "Email": "hr.apex1@yahoo.in", "Company Name": "Apex Corporate World", "Telephone": "9888423179"}, "api_data": {"job_location": ["Chandigarh"], "jd_id": "8243533", "job_keywords": ["ticketing", " communication", " iata", " can", " galileo", " amadeus", "skills", " reservations"], "job_industry": "Travel / Tourism", "company_name": "Apex Corporate World", "job_experience": "1 to 6 Yrs", "job_title": "Ticketing Executive"}, "other_details": {"Other Skills:": ["skills", "reservations"], "Department:": ["Customer Service (Domestic)"], "Industry:": ["Travel / Tourism"], "Skills:": ["ticketing", "communication", "iata", "can", "galileo", "amadeus"]}, "topbox_information": {"salary_information": "Rs 2.0  - 3.5 Lakh/Yr"}, "jd_information": {"description": "Job Title:Ticketing ExecutiveJob location : ZirakourGraduate/Post GraduateFresher/Experiencedgood personality&nbsp; and communication skillsSalary 15-40 k depending on the experience of the candidateInterested candidates can forward their resumes at hr.apex1@yahoo.in&nbsp; or call 9855533179"}, "_id": "8243533"}