{"company_info": {"Company Description": "", "Email": "info@jjindia.co.in", "Company Name": "J.J. India Hiring For J J INDIA", "Telephone": "9811008929"}, "api_data": {"job_location": ["Delhi"], "jd_id": "8249359", "job_keywords": ["operations", " marketing", " consulting", " management", "service"], "job_industry": "Travel / Tourism", "company_name": "J.J. India Hiring For J J INDIA", "job_experience": "10 to 19 Yrs", "job_title": "Required GM-Operations for Cab and Taxi"}, "other_details": {"Other Skills:": ["service"], "Department:": ["Operations Management / Process Analysis"], "Industry:": ["Travel / Tourism"], "Skills:": ["operations", "marketing", "consulting", "management"]}, "topbox_information": {"salary_information": "Rs 16  - 24 Lakh/Yr"}, "jd_information": {"description": "Required GM- Operations for Cab and Taxi industry to work at Okhla Location.&nbsp;Experience required around 10 - 15 yrs with 3-4 years experience in cab and taxi industry.&nbsp;Job description- This is a role for a strong leader, focusing on scaling the Mega Cabs business in India profitably.- 10-15 years of consulting, marketing or operations management experience-Sound business judgment through strong analytical thinking- Relevant experience in consumer service marketing is helpful- Stellar networking skills and the ability to make smart partnerships happen(Experience &ndash; 10 - 15 years +, Salary &ndash; Upto 25 lacs per annum)Please call at 9811008929 (Ajay Jain) or mail you resume at info@jjindia.co.in&nbsp;&nbsp;"}, "_id": "8249359"}