{"company_info": {}, "api_data": {"job_location": ["Varanasi", "Bhagalpur", "Kanpur", "Lucknow", "Patna", "Muzzafarpur", "Agra", "Aligarh"], "jd_id": "8250123", "job_keywords": ["galileo", " ticketing", "customer", " skills", " service", " reservations"], "job_industry": "Travel / Tourism", "company_name": "Somya Info Edge Services Private Limited Hiring For Panther Eye Pvt. Ltd.", "job_experience": "0 to 2 Yrs", "job_title": "Urgent Requirement for Reservation Staff"}, "other_details": {"Other Skills:": ["customer", "skills", "service", "reservations"], "Department:": ["Tour / Travel Management"], "Industry:": ["Travel / Tourism"], "Skills:": ["galileo", "ticketing"]}, "topbox_information": {"salary_information": "Rs 1.5  - 3.0 Lakh/Yr"}, "jd_information": {"description": "Reservation Agent Job Description. Hotels, airlines, car rental facilities, resorts and travel agencies all employ Reservation Agents. Their job is to assist customers with the planning and booking aspect of their vacation or stay. . They answer customers' questions, make travel suggestions and book rooms and tickets."}, "_id": "8250123"}