{"company_info": {"Company Description": "ABM Travels &amp; Tours Pvt. Ltd.ABM Travels &amp; Tours Pvt. Ltd. is one of the leading Business Travel organization, was established in 1992, in the heart of Delhi. With an innovative thought to indelibly reinvent the business of corporate travel ABM characterizes the dawn of a new era, which would be set as parameter to specify new goals in travel industry with a perfect simultaneous approach to achieve them in time. An innovative approach to provide best of the services, for travel in domestic and international domain .", "Email": "karishma.khatri@abmtravels.net", "Company Name": "ABM Travels and Tours Pvt Ltd", "Telephone": "7718865083"}, "api_data": {"job_location": ["Mumbai City"], "jd_id": "8253293", "job_keywords": ["galileo", " iata", " ticketing", "travel", " domestic ticketing", " international ticketing"], "job_industry": "Travel / Tourism", "company_name": "ABM Travels and Tours Pvt Ltd", "job_experience": "2 to 5 Yrs", "job_title": "Travel Consultant"}, "other_details": {"Other Skills:": ["travel", "domestic ticketing", "international ticketing"], "Department:": ["Reservation / Ticketing"], "Industry:": ["Travel / Tourism"], "Skills:": ["galileo", "iata", "ticketing"]}, "topbox_information": {"salary_information": ""}, "jd_information": {"description": "Dear Candidate ,Greetings from ABM Travels &amp; Tours Pvt ltd .Required Experience Candidate&nbsp;Location : Khar West , Mumbai&nbsp;&nbsp;Job Description:Interested Candidate can apply. Kindly drop your resume at hr@abmtravels.net or contact."}, "_id": "8253293"}