{"company_info": {"Company Description": "Japanese MNC in Travel business with 435 branches across the globe. The Company deals in Inbound as well as Outbound Tours and travel business. Apart from that its 100% Statutory Compliant Company with very healthy and friendly atmosphere.", "Company Name": "HIS Travel India Pvt. Ltd."}, "api_data": {"job_location": ["Chennai"], "jd_id": "8255032", "job_keywords": ["Operations ", "   Operations Management ", "   Operation Management", "Operation ", "   Operations Manager"], "job_industry": "Travel / Tourism", "company_name": "HIS Travel India Pvt. Ltd.", "job_experience": "1 to 4 Yrs", "job_title": "Operations Executive / Asst. Manager"}, "other_details": {"Other Skills:": ["Operation", "Operations Manager"], "Department:": ["Operations Management / Process Analysis"], "Industry:": ["Travel / Tourism"], "Skills:": ["Operations", "Operations Management", "Operation Management"]}, "topbox_information": {"salary_information": ""}, "jd_information": {"description": ""}, "_id": "8255032"}