{"company_info": {"Company Description": "We as a dynamic group of experienced and qualified professionals.One of largest industry in pharma", "Email": "info@aimjobplacement.com", "Company Name": "Aim Job Placement", "Telephone": "9780716042"}, "api_data": {"job_location": ["Chandigarh", "Ludhiana"], "jd_id": "8256845", "job_keywords": ["marketing", " management", " sales", "development", " brand", " business"], "job_industry": "Travel / Tourism", "company_name": "Aim Job Placement", "job_experience": "2 to 5 Yrs", "job_title": "Female Marketing Manager"}, "other_details": {"Other Skills:": ["development", "brand", "business"], "Department:": ["Sales / BD"], "Industry:": ["Travel / Tourism"], "Skills:": ["marketing", "management", "sales"]}, "topbox_information": {"salary_information": "Rs 2.0  - 4.0 Lakh/Yr"}, "jd_information": {"description": "Managing all marketing for the company and activities within the marketing department.Developing the marketing strategy for the company in line with company objectives.Co-ordinating marketing campaigns with sales activities.Overseeing the company&rsquo;s marketing budget.Creation and publication of all marketing material in line with marketing plans.Planning and implementing promotional campaigns.Manage and improve lead generation campaigns, measuring results.Monitor and report on effectiveness of marketing communications.Working closely with design agencies and assisting with new product launches.Maintain effective internal communications to ensure that all relevant company functions are kept informed of marketing objectives.Analysing potential strategic partner relationships for company marketing.Masters degree in Marketing.Strong analytical and project management skills.Confident and dynamic personality.Minimum Experience 2yrs in marketing&nbsp;&nbsp;"}, "_id": "8256845"}