{"company_info": {"Company Description": "Synergy Global Technologies Inc. is a fast growing global provider of complete Information Technology solutions and services across a number of vertical domains. By using leading edge technologies and highly trained specialists and with our proprietary software products, system integration and our Information", "Email": "jobsit@synergygti.com", "Company Name": "Synergy Global Technologies Pvt. Ltd.", "Telephone": "8291922608"}, "api_data": {"job_location": ["Bangalore"], "jd_id": "8257845", "job_keywords": ["asp.net", " c", " php", " java", " script", " ux", "  javascript", "  xml/xslt", " html5", " ui", "  jquery", "  css3"], "job_industry": "Travel / Tourism", "company_name": "Synergy Global Technologies Pvt. Ltd.", "job_experience": "6 to 8 Yrs", "job_title": "UI/UX designers & developer @ Bangalore"}, "other_details": {"Other Skills:": ["ux", "javascript", "xml/xslt", "html5", "ui", "jquery", "css3"], "Department:": ["Application Programming / Maintenance"], "Industry:": ["Travel / Tourism"], "Skills:": ["asp.net", "c", "php", "java", "script"]}, "topbox_information": {"salary_information": ""}, "jd_information": {"description": "We have an opening for the position of UI/UX designers &amp; developer @ Bangalore. If interested, kindly send your resume to janice@synergygti.comJob Description:Responsibilities:Qualification &amp; Experience:Soft Skills:Regards,Janice - 8291922608&nbsp;"}, "_id": "8257845"}