{"company_info": {"Company Description": "Arsenius Skill Capital (ASC) is a Management Consulting firm and a No. 1 choice for permanent results that top management prefers. We provide turnkey solution from initial screening to synergy realization. We are ardent believer of guiding and finding values across boundaries, developing insight to act upon, energizing and motivating team to deliver and to sustain success.We are a brain child of a team of young aspiring entrepreneurs with in-depth industry specific knowledge who have joined hands to cater to the Management needs for various industries.\u00a0With our years of experience and research driven methodology in diverse industry vertical we have developed skills to understand the business in depth, thus able to provide unmatched solution designs. Our team works round the clock to ensure satisfactory deliverables.Our Mission \u201cImprovising Efficiency\u201dOur Values Integrity, Customer Centricity, Accountability &amp; Innovation", "Email": "angee@arseniusskillcapital.com", "Company Name": "Arsenius Skill  Capital Hiring For Travel &amp; Toursim", "Telephone": "7506178102"}, "api_data": {"job_location": ["Mumbai City"], "jd_id": "8257741", "job_keywords": ["fit / git", " travel management", " travel expert", " travel agency operations", " travel consultant", " outbound tours", " destination management", " tour operations", " itinerary", "  holiday packages", " tour packages"], "job_industry": "Travel / Tourism", "company_name": "Arsenius Skill  Capital Hiring For Travel & Toursim", "job_experience": "1 to 6 Yrs", "job_title": "Asst Manager Travel Operations - International Destination"}, "other_details": {"Other Skills:": ["fit / git", "travel management", "travel expert", "travel agency operations", "travel consultant", "outbound tours", "destination management", "tour operations", "itinerary", "holiday packages", "tour packages"], "Industry:": ["Travel / Tourism"], "Department:": ["Tour / Travel Guide", "Tour / Travel Management"]}, "topbox_information": {"salary_information": "Rs 3.0  - 7 Lakh/Yr"}, "jd_information": {"description": "Arsenius Skill Capital is Hiring International Travel Expert International &amp; Domestic HolidaysDesignation: Travel Operations &amp; Sales (Domestic / International)Location: MumbaiCTC: Up to 7 lac p.aJob Profile:&middot; Making&nbsp;travel&nbsp;arrangements, Such as Online/Offline Hotel Booking&middot; Customize and Design FIT / GIT Tour Packages&middot; Cost itineraries for different destination&middot; Preparing quote &amp; processing confirmation to suppliers.&middot; Negotiating with suppliers for better deals.&middot; Designing itineraries for tour packages.&middot; Coordinating with guest for their visa documents.&middot; Appropriate &amp; timely update on visa process.&middot; Making&nbsp;travel&nbsp;insurance online.&middot; Preparing&nbsp;travel&nbsp;vouchers.&middot; Assist &amp; explain guest about their tour plan at the time of final handover.&middot; Contracting for products with overseas suppliers for Leisure products&middot; Good product Knowledge in to various destination.&middot; Knowledge of handling B2B and B2C customers.Interested candidates call Angee at 7506178102or send in your resume to angee#arseniusskillcapital.comShare this mail with all who may benefitArsenius Skill Capital ~ Routing Skill to Opportunities"}, "_id": "8257741"}