{"company_info": {"Company Description": "Vision 2025 On 1st January 2025, Talent Corner will be an Organization, having operations in 10 Countries, with 100 Offices &amp; a Team of 1000 People ,Successfully Executing 10000 Recruitment Assignments every Year. We would have recruited 1,00,000 People by then.For every Successful Recruitment we will invest Rs. 100 towards Girl Child Education, thus by 2025 we would have educated 1000 Girls\u201d", "Email": "delfina.colaco@talentcorner.in", "Company Name": "Talent Corner HR Services Pvt Ltd", "Telephone": "8237080543"}, "api_data": {"job_location": ["Mumbai City"], "jd_id": "8257849", "job_keywords": ["travel executive", " travel consultant", " ticketing executive", " travel management"], "job_industry": "Travel / Tourism", "company_name": "Talent Corner HR Services Pvt Ltd", "job_experience": "0 to 1 Yr", "job_title": "Travel Executive - Location Vasai"}, "other_details": {"Other Skills:": ["travel executive", "travel consultant", "ticketing executive", "travel management"], "Industry:": ["Travel / Tourism"], "Department:": ["Reservation / Ticketing", "Tour / Travel Guide"]}, "topbox_information": {"salary_information": "< Rs 50,000  - 1.5 Lakh/Yr"}, "jd_information": {"description": "Urgent opening for the position of Travel executiveLocation: Vasai (west)Experience: 6 months to 1 yearGender: Male/FemaleSalary: Based on experience&nbsp;Job description :-1. Handling international/domestic ticketing.2. Visa / Insurance handling.3. Air tickets4. Customize package5. Hotel booking6. Coordinating with Vendors, Travel agents and airlines to book the air tickets on requirement.Skill :-1. Good communication skills2. strong coordination skills3. Knowledge of travel norms4. Knowledge of visa, forex, and passport related formalities.5. Knowledge of ticketing and reservation;6. Some experience in international ticketing and good knowledge of the Internet.&nbsp;Contact name: - Delfina / RishitaContact number: 8237080543/8237070543Landline: 0250-6554939Email: delfina.colaco@talentcorner.in&nbsp; &nbsp; &nbsp; &nbsp; &nbsp; rishita.carvalho@talentcorner.in&nbsp;"}, "_id": "8257849"}