{"company_info": {"Company Description": "Azaan\u00a0Services is a business and process driven company that seeks to offer top - class Talent building resources to strengthen organisational skill sets and employment relationships. We are one of the upcoming Manpower, Placement Consultancy Services in India, and a one-stop recruitment solution for providing you with the best industry talents across a range of sectors. Placing talented people in the right positions is the key to attaining outstanding business and we believe in leaving no stone unturned in meeting our valued clients' expectations. Our business approach is 100% tailored as per clients' needs. We believe in understanding our clients' business and corporate ethos by building long-term relationships with them, taking time and care to understand their strategies, goals and their recruitment needs.", "Email": "azaan.services@gmail.com", "Company Name": "Azaan Services Hiring For Carlson Wagonlit", "Telephone": "9911912462"}, "api_data": {"job_location": ["Noida", "Ghaziabad", "Gurugram", "Faridabad", "Delhi"], "jd_id": "8257331", "job_keywords": ["good communication ", "  bpo ", "  travel  ", "  flight booking ", "  reservation ", "  ticketing ", "  galileo ", "  travel industry ", "  gds ", "  international bpo ", "  amadeus ", "  travel ", "  sabre ", "  worldspan ", "  aita"], "job_industry": "Travel / Tourism", "company_name": "Azaan Services Hiring For Carlson Wagonlit", "job_experience": "2 to 6 Yrs", "job_title": "TRAVEL PROCESS "}, "other_details": {"Other Skills:": ["good communication", "bpo", "travel", "flight booking", "reservation", "ticketing", "galileo", "travel industry", "gds", "international bpo", "amadeus", "travel", "sabre", "worldspan", "aita"], "Industry:": ["Travel / Tourism"], "Department:": ["Tour / Travel Guide", "Tour / Travel Management"]}, "topbox_information": {"salary_information": ""}, "jd_information": {"description": "Urgent Requirement for TRAVEL PROCESS:INTERGLOBE TECHNOLOGIES:Holzoo Process (pilot process/dayshift process):*Travel process/Reservation/ticketing/*Work on GDS.* Day Shift.*5days working/2offs.*both side cabs.*unlimited incentives.Otherprocess:EXPEDIA PROCESS (UK PROCESS):*pilot process/uk process* Fresher/Undergrade/Dropout/anybody can apply*Salary: 13K - 32K Inhand apart from Incentive &amp; Bonus*Providing US/UK/24*7 Shift5 Days WorkingBoth Sides Pick n Drop+ Meals.HIRNG FOR EXECUTIVE &amp; SR.EXECUTIVE PROFILE.(VOICE PROCESS)T C P :* Fresher/Undergrade/Dropout/anybody can apply*Salary: 13K - 25K Inhand apart from Incentive &amp; Bonus*Providing US/UK/24*7 Shift5 Days WorkingBoth Sides Pick n Drop+ Meals.HIRNG FOR TRAVEL EXECUTIVE &amp; SR. TRAVEL EXECUTIVE PROFILE.(VOICE PROCESS)INDIGO :* Fresher/Undergrade/Dropout/anybody can apply*Salary: 13K - 25K Inhand apart from Incentive &amp; Bonus*Providing US/UK/24*7 Shift5 Days WorkingBoth Sides Pick n Drop+ Meals.HIRNG FOR EXECUTIVE &amp; SR.EXECUTIVE PROFILE.(VOICE PROCESS).AND OTHER TRAVEL PROCESS LIKE UNITED AIRLINES , BAGGAGE QUEz :Other compnies:HCL/IBM/QUATRRO/IBM/ARVATO ETCAZAAN SERVICES- CALL Arhaan @ 9911912462East of kailash,near KAILASH COLONY METRO STATION,Thanks and RegardsARHAAN - 9911912462E mail-azaan.services@gmail.comAND OTHER COMPANIES ARE:\"C.C.E(Customer Service)\", Collection(Ist and 3rd party) (OUTBOUND &amp; INBOUND), Tech-Semi-Tech-Microsoft, ALL KIND OF SALES , TRAVEL ( INBOUND VOICE PROCESS), TOP Leading Brand &amp; (US-UK) CAPTIVE INTERNATIONAL BPO:-Direct walkin @ ONE Place*On the Spot Offer Letter(NO REGISTRATION CHARGES)Opening in Various Top Leading Companies in(GURGAON &amp; NOIDA )are Mention Below:-AMX , BRCLYS , CONVRGYS , IYOGI , QUATRRO , MIDLAND(ENCORE CAPITAL) , SERCO , HC L .!*Salary: 13K - 35K Inhand apart from Incentive &amp; Bonus*Providing US/UK/24*7 Shift5 Days WorkingBoth Sides Pick n Drop+ Meals.HIRNG FOR EXECUTIVE &amp; SR.EXECUTIVE PROFILE.(VOICE PROCESS)Job Description (Pre- Requisites)Must be an Indian citizen.Qualification - Undergraduate/ Graduate/DROPOUTSExp:- Any /Freshers are welcome\" Excellent Communication/ Interpersonal/ Presentation skills withClarity in Speech, Fluency and Grammar.Selected Candidates should not be doing any regular College/ClassesShould be open for Night Shifts &amp; 24*7kindly share the above details with your Friends, Family andAcquaintances and Let them also know about this Excellent opportunity.Hope to meet you,Interested candidates pls contact at the below mentioned address/phoneno.: you can directly walkin to our office Anyday between 10am-8pm.AZAAN SERVICES-Call Arhaan @ 9911912462East of kailash,near KAILASH COLONY METRO STATION,Thanks and RegardsArhaan @9911912462E mail-azaan.services@gmail.com"}, "_id": "8257331"}