{"company_info": {"Email": "sneha.apspvtltd@gmail.com", "Company Name": "Alexo proficient services pvt ltd Hiring For EXL Services Pvt Ltd", "Telephone": "9990700059"}, "api_data": {"job_location": ["Gurugram", "Delhi"], "jd_id": "8258339", "job_keywords": ["operations", " gds", " sabre", " ticketing", " hiring", " management", " amadeus", "office", " course", " process", " blended", " travel", " back", " travel process", " reservations", " international ticketing", " travel agent activities"], "job_industry": "Travel / Tourism", "company_name": "Alexo proficient services pvt ltd Hiring For EXL Services Pvt Ltd", "job_experience": "0 to 4 Yrs", "job_title": "TRAVEL PROCESS"}, "other_details": {"Other Skills:": ["office", "course", "process", "blended", "travel", "back", "travel process", "reservations", "international ticketing", "travel agent activities"], "Department:": ["Reservation / Ticketing"], "Industry:": ["Travel / Tourism"], "Skills:": ["operations", "gds", "sabre", "ticketing", "hiring", "management", "amadeus"]}, "topbox_information": {"salary_information": "Rs 1.5  - 3.0 Lakh/Yr"}, "jd_information": {"description": "Dear Candidate!!&nbsp;URGENT HIRING FOR&nbsp;TRAVEL PROCESS IN GURGAON LOCATION.&nbsp;PROCESS: &nbsp;TRAVEL PROCESS&nbsp;LOCATION:&nbsp;GURGAONSALARY&nbsp;: Upto 35 k ctc + huge incentivesSHIFT&nbsp;: rotational shift with 5 days workingEXPERIENCE&nbsp;: Fresher/Experienced both can applyBoth side cab facility&nbsp;JOB DESCRIPTION&nbsp;Handle customers mainly for International Flights bookings.&nbsp;.&nbsp;Good Geographical Knowledge i.e. City codes, Airport codes etc.&nbsp;Excellent Knowledge of Amadeus/GDS.&nbsp;Excellent Communication skills.&nbsp;Good stability background.&nbsp;Good Written English skills.&nbsp;* Immediate Joining Required&nbsp;**UNDERGRADUATE / GRADUATE EXPERIENCE CAN APPLY**&nbsp;INTERESTED CANDIDATE CAN CALL @&nbsp;HR manisha: 9990582211HR konika: 9555666145OR CAN EMAIL THEIR RESUME @&nbsp;shalini.verma@alexoworld.co.incv.alexoworld@gmail.com**anyone can refer their friends also*&nbsp;"}, "_id": "8258339"}