{"company_info": {"Company Name": "Travel Designer Group"}, "api_data": {"job_location": ["Delhi"], "jd_id": "8260212", "job_keywords": ["Business Development ", "  sales  ", "  marketing", ""], "job_industry": "Travel / Tourism", "company_name": "Travel Designer Group", "job_experience": "2 to 4 Yrs", "job_title": "Manager-Sales"}, "other_details": {"Department:": ["Sales / BD"], "Industry:": ["Travel / Tourism"], "Skills:": ["Business Development", "sales", "marketing"]}, "topbox_information": {"salary_information": ""}, "jd_information": {"description": ""}, "_id": "8260212"}