{"company_info": {"Company Name": "Netambit call centre Private Limited"}, "api_data": {"job_location": ["Noida"], "jd_id": "8262784", "job_keywords": ["Plan ", "   describe ", "   arrange  ", "   sell itinerary tour packages"], "job_industry": "Travel / Tourism", "company_name": "Netambit call centre Private Limited", "job_experience": "2 to 6 Yrs", "job_title": "Hiring for Holiday Package Expert"}, "other_details": {"Other Skills:": ["Plan", "describe", "arrange", "sell itinerary tour packages"], "Industry:": ["Travel / Tourism"], "Department:": ["Tour / Travel Management"]}, "topbox_information": {"salary_information": ""}, "jd_information": {"description": ""}, "_id": "8262784"}