{"company_info": {"Company Description": "GAMA HOLIDAYS&nbsp;", "Company Name": "GAMA HOLIDAYS"}, "api_data": {"job_location": ["Kozhikode"], "jd_id": "8264142", "job_keywords": ["Tour Consultant  ", "  communication skill ", "  hotel booking"], "job_industry": "Travel / Tourism", "company_name": "GAMA HOLIDAYS", "job_experience": "0 to 1 Yr", "job_title": "Tour Consultant"}, "other_details": {"Other Skills:": ["Tour Consultant", "communication skill", "hotel booking"], "Industry:": ["Travel / Tourism"], "Department:": ["Reservation / Ticketing"]}, "topbox_information": {"salary_information": ""}, "jd_information": {"description": ""}, "_id": "8264142"}