{"company_info": {"Company Name": "Directions Consulting"}, "api_data": {"job_location": ["Mumbai City"], "jd_id": "8271078", "job_keywords": ["digital marketing ", "   seo", "campaigns ", "  content writer  ", "  content developer"], "job_industry": "Travel / Tourism", "company_name": "Directions Consulting", "job_experience": "4 to 8 Yrs", "job_title": "Digital Marketing Executive"}, "other_details": {"Other Skills:": ["campaigns", "content writer", "content developer"], "Department:": ["Internet Marketing"], "Industry:": ["Travel / Tourism"], "Skills:": ["digital marketing", "seo"]}, "topbox_information": {"salary_information": ""}, "jd_information": {"description": ""}, "_id": "8271078"}