{"company_info": {"Company Name": "Directions Consulting"}, "api_data": {"job_location": ["Mumbai City"], "jd_id": "8271068", "job_keywords": ["Air Ticketing  ", "  Abacus ", "   amadeus", ""], "job_industry": "Travel / Tourism", "company_name": "Directions Consulting", "job_experience": "4 to 8 Yrs", "job_title": "Air Ticketing Executive"}, "other_details": {"Department:": ["Reservation / Ticketing"], "Industry:": ["Travel / Tourism"], "Skills:": ["Air Ticketing", "Abacus", "amadeus"]}, "topbox_information": {"salary_information": ""}, "jd_information": {"description": ""}, "_id": "8271068"}