{"company_info": {"Company Description": "Email id  tejaswini@elitetalent.inContact no 7773940533Regards \u00a0TejaswiniFrom  elite talent solutions..", "Email": "tejaswini@elitetalent.in", "Company Name": "Elite Talent Solution", "Telephone": "7773940533"}, "api_data": {"job_location": ["Navi Mumbai"], "jd_id": "8272183", "job_keywords": ["cse", " cca", " sales", " bpo", " telesales", " tourism", " csr", "sterling", " lead generation", " outbound", "  lead generation", " tele caller", "  telemarketing", " country club", " club mahindra", " holidays", " cold calling", " inside sales", " tele sales executive", " domestic tour executive", " packages", " tele marketing", " outbound calling"], "job_industry": "Travel / Tourism", "company_name": "Elite Talent Solution", "job_experience": "0 to 4 Yrs", "job_title": "Hiring for Telemarketing Executive (lead Generation) @ Vashi Location"}, "other_details": {"Other Skills:": ["sterling", "lead generation", "outbound", "lead generation", "tele caller", "telemarketing", "country club", "club mahindra", "holidays", "cold calling", "inside sales", "tele sales executive", "domestic tour executive", "packages", "tele marketing", "outbound calling"], "Department:": ["Customer Service (Domestic)"], "Industry:": ["Travel / Tourism"], "Skills:": ["cse", "cca", "sales", "bpo", "telesales", "tourism", "csr"]}, "topbox_information": {"salary_information": "Rs 50,000  - 2.0 Lakh/Yr"}, "jd_information": {"description": "Dear Candidate Our client is hiring TeleMarketing Executive / TSE/ CSA/ CSE - Lead GenerationWork Location : VashiJob Timing: 11am to 8PMWeek Off: MondaySalary range: 8000 to 15000 CTC(Benefits: PF, PT, ESIC)Experience: 0 to 8 yearsJob Responsibilities -Call the customers, convince and invite them to our venue for a free presentation.Explain the customers about the benefit of taking membership.Explain the company product &amp; servicesCo-ordinate &amp; schedule meeting with sales executiveTrack &amp; maintain the outcome of each enquiry &amp; leads.Generate and submit daily MIS report.Target Oriented person.Interview Timings: 10:30 am - 05:30 pmInterested candidates may forward their resume to tejaswini@elitetalent.in or call 7773940533&nbsp;Regards,Tejaswini KundeElite talent solution"}, "_id": "8272183"}