{"company_info": {"Company Description": "VMAKE VISAS PROVIDE (ORAS) \u201cOVERSEAS RESUME ADVERTISEMENT SERVICES\u201d\u00a0IN CANADA ,AUSTRALIA.ORAS-VMAKE VISAS PROVIDE (ORAS) \u201cOVERSEAS RESUME ADVERTISEMENT SERVICES\u201dMIDDAL EAST COUNTRY, CANADA, AUSTRALIA, UK, USA, NEW ZEALAND, NORWAY,DENMARK AND REST OF THE WORLD.ANDFOR AUSTRALIA PERMANENT RESIDENCY-HOT OCCUPATIONS WIDE OPEN IN AUSTRALIA FOR IMMIGRATION FOR SKILLED PROFESSIONALS.ANDFOR CANADA PERMANENT RESIDENCY-CANADA FEDERAL SKILLED MIGRATION.ANDVISA IMMIGRATION CONSULTANCY SERVICES -BUSINESS VISA, INVESTMENT VISA , WORK &amp; WORK PERMIT VISA, VISIT &amp; VISITORS VISA, DEPENDENT VISA, TOURIST VISA, SPOUSE VISA, STUDY VISA.(PERMANENT RESIDENCY), CANADA, AUSTRALIA, UK, USA, NEW ZEALAND, NORWAY DENMARK AND SINGAPORE,ANDSTUDY ABROAD-STUDY ABROAD CONSULTANTS,STUDY ABROAD COUNSELORS.CANADA, AUSTRALIA, UK, USA, NEW ZEALAND, NORWAY, \u00a0DENMARK &amp; SINGAPORE.VMAKE VISAS(Immigrant Immigrates with Vmake Visas )VMAKE VISAS PVT. LTD.", "Email": "hrpune@vmakevisas.in", "Company Name": "VMAKE Visas Pvt Ltd.", "Telephone": "7030939000"}, "api_data": {"job_location": ["Pune"], "jd_id": "8272045", "job_keywords": ["case", " management", " communication", " documentation", " sourcing", " servicing", "development", " business", " consultant", " tract", " immigration", " daily", " manager", " client", " officer", " excellent", " team", " maintaining", " visa"], "job_industry": "Travel / Tourism", "company_name": "VMAKE Visas Pvt Ltd.", "job_experience": "0 to 3 Yrs", "job_title": "Walk in for Case Manager (females only)"}, "other_details": {"Other Skills:": ["development", "business", "consultant", "tract", "immigration", "daily", "manager", "client", "officer", "excellent", "team", "maintaining", "visa"], "Department:": ["Documentation / Shipping", "Supply Chain / Logistics"], "Industry:": ["Travel / Tourism"], "Skills:": ["case", "management", "communication", "documentation", "sourcing", "servicing"]}, "topbox_information": {"salary_information": "Rs 1.5  - 2.5 Lakh/Yr"}, "jd_information": {"description": "Dear Candidate,Vmake Visas Pvt. Ltd. is Immigration firm looking for full time&nbsp;Documentation Executive&nbsp;Job Description:1.As a Case manager you have to ensure completion of all relevant visa and immigration documents are received within the time frame.2.As a Case Manager&nbsp;you have to ensure that all of the information provided by the client is accurate and correct3.As a Case Manager&nbsp;you have to ensure there are no communication gaps between the company and the client4.As a Case Manager you have to ensure you provide good customer service to the client.5.Interview all clients; deal with all their questions and queries6.Calling prospective clients and making follow ups on daily basis.7.When required To talk to the client through calls, emails and face to face&nbsp;Eligibility: Graduation or PG&nbsp;Address: Vmake Visas Pvt. Ltd.office No. 301,302,303,Wing N,Mega Centre,Behind Noble Hospital,Hadapsar, Pune-411013, India.Contact:7030939000&nbsp;&nbsp;"}, "_id": "8272045"}