{"company_info": {"Company Name": "BNB Consultants Hiring For BNB Consultants"}, "api_data": {"job_location": ["Delhi"], "jd_id": "8274514", "job_keywords": ["management ", "  travel management ", "  ticket booking", "consultant ", "  travel"], "job_industry": "Travel / Tourism", "company_name": "BNB Consultants Hiring For BNB Consultants", "job_experience": "0 to 4 Yrs", "job_title": "Ticketing Executive(Sales)"}, "other_details": {"Other Skills:": ["consultant", "travel"], "Department:": ["Reservation / Ticketing"], "Industry:": ["Travel / Tourism"], "Skills:": ["management", "travel management", "ticket booking"]}, "topbox_information": {"salary_information": ""}, "jd_information": {"description": ""}, "_id": "8274514"}