{"company_info": {"Company Description": "Trip PlannersTrip PlannersEstablished Since July' 2004Services India and International Holiday Packages |Worldwide Hotels Booking| Corporate Ticketing | Corporate Visa | Charters | MICETeam Size 40Professionals Member of I.A.T.O., A.D.T.O.I.", "Email": "jobs.tripplanners@yahoo.com", "Company Name": "trip planners", "Telephone": "9811616005"}, "api_data": {"job_location": ["Delhi"], "jd_id": "8277905", "job_keywords": ["marketing", " management", " sales", "development", " office", " business", " corporate administration", " communication skills", " performance optimization", " ms", " organizing corporate events", " profit center management", " multi site ", " new business development"], "job_industry": "Travel / Tourism", "company_name": "trip planners", "job_experience": "0 to 2 Yrs", "job_title": "Business Development Executive"}, "other_details": {"Other Skills:": ["development", "office", "business", "corporate administration", "communication skills", "performance optimization", "ms", "organizing corporate events", "profit center management", "multi site", "new business development"], "Department:": ["Tour / Travel Management"], "Industry:": ["Travel / Tourism"], "Skills:": ["marketing", "management", "sales"]}, "topbox_information": {"salary_information": "Rs 1.0  - 2.5 Lakh/Yr"}, "jd_information": {"description": "Job Requirement&nbsp;1. Candidate must have worked as a Corporate Sales Executive for a Travel Company or Hotel Chain in Delhi.2. Candidate must have good PR with Corporate.3. Candidate should have pleasing personality and selling skills.4. Candidate should be excellent performer and willing to work as target based job.&nbsp;5. candidate should be residing in North/West Delhi only.&nbsp;Job Description&nbsp;1. Candidate shall be collecting and organizing the data of Admin Executive of Corporate Company.&nbsp;2. Candidate shall be calling and fixing the meetings with the respective person.&nbsp;3. Candidate shall be giving the presentation to the Corporate about our travel services and would be responsible for Corporate tie ups with our company.&nbsp;4. Candidate shall also be responsible for achieving his sales targets.&nbsp;&nbsp;1. Candidate must have done MBA (Sales and Marketing) from a regular reputed University.2. Candidate must have his own conveyance3. Candidate must have pleasing personality.4. Candidate should have good communication skills.5. Candidate should be willing to travel."}, "_id": "8277905"}