{"company_info": {"Company Description": "Trip Store LLP is\u00a0Travel &amp; Tour Company based out of Mumbai. With a experience of 25 years in the Travel Trade Industry. We are specialized in Customized tours to Destinations across the world.Our approach is different. We don\u2019t plan any trips in advance, instead believe in customizing each trip by designing an ideal itinerary for you. Whether you know precisely where you want to go or need some insight, Trip Store has you covered. We believe in creating a journey that will exceed your expectations. Our passion is to guide you to your dream destination by alleviating the stress for you.Visit our Website- www.tripstore.in", "Email": "sumit@tripstore.in", "Company Name": "Trip Store LLP", "Telephone": "9029877711"}, "api_data": {"job_location": ["Mumbai City"], "jd_id": "8277959", "job_keywords": ["operations", " tourism", " sales", "customer", " service", " travel agency operations", " travel agency", " holiday packages", " tour packages", " travel agent activities"], "job_industry": "Travel / Tourism", "company_name": "Trip Store LLP", "job_experience": "0 to 5 Yrs", "job_title": "Travel Consultant - Sr. Operations Executive"}, "other_details": {"Other Skills:": ["customer", "service", "travel agency operations", "travel agency", "holiday packages", "tour packages", "travel agent activities"], "Department:": ["Tour / Travel Management", "Back Office Operations"], "Industry:": ["Travel / Tourism"], "Skills:": ["operations", "tourism", "sales"]}, "topbox_information": {"salary_information": "Rs 2.0  - 3.0 Lakh/Yr"}, "jd_information": {"description": "&middot; Prior experience in Travel business specifically in Holiday packages&middot; Working in coordination with sales team &amp; suppliers to get quotations and rates&middot; Speaking with suppliers to get the best rates and comparing the quotes by different suppliers&middot; Choosing the best quote and offering the same to sales team or customer&middot; Coordination with account for payment collection of booking&middot; Coordination with ticketing team to get the tickets issue&middot; Coordination with visa team for processing of visa for customers&middot; Handling on tour issues&middot; Taking feedback &amp; testimonials of travelled client.&nbsp;"}, "_id": "8277959"}