{"company_info": {"Company Description": "Post IATA - Back Office - FemaleLocation\u00a0Mulund - MumbaiQualification 12th, GrduateExperience 1 to 3 yearsSalary Depend upon ExperienceKindly find the COMPANY DETAILWS below;Name of Corporate -\u00a0The Real Tours &amp; Travel LLPNo of employees -11 - 25Weekly off- As per company rulesBonus- As per company rulesPF- As per company rulesMediclaim - As per company rulesCL / SL - After 6 monthsAppraisal- As per performance at regular intervalsDistance from station- 15 mins walking distanceEmployees ratings 4.8 Stars out 5 starts_ (This ratings are been given by employees currently working in this company) _We have a permanent job opening for you. Call back immediately on\u00a09870851212Or E-mail me immediately on\u00a0successjobs01@gmail.com", "Email": "successjobs01@gmail.com", "Company Name": "Success Manpower Services1", "Telephone": "9870851212"}, "api_data": {"job_location": ["Mumbai City"], "jd_id": "8277735", "job_keywords": ["mail", " iata", " appraisal", " tours", ""], "job_industry": "Travel / Tourism", "company_name": "Success Manpower Services1", "job_experience": "1 to 3 Yrs", "job_title": "Required IATA-Back Office-Female at Mulund Mumba for The Real Tours & Travel LLP"}, "other_details": {"Department:": ["Back Office Operations", "Reservation / Ticketing"], "Industry:": ["Travel / Tourism"], "Skills:": ["mail", "iata", "appraisal", "tours"]}, "topbox_information": {"salary_information": "Rs 50,000  - 3.0 Lakh/Yr"}, "jd_information": {"description": "Post: IATA - Back Office - FemaleLocation:&nbsp;Mulund - MumbaiQualification: 12th, GrduateExperience 1 to 3 yearsSalary Depend upon ExperienceKindly find the COMPANY DETAILWS below;Name of Corporate - The Real Tours &amp; Travel LLPNo of employees -11 - 25Weekly off- As per company rulesBonus- As per company rulesPF- As per company rulesMediclaim - As per company rulesCL / SL - After 6 monthsAppraisal- As per performance at regular intervalsDistance from station- 15 mins walking distanceEmployees ratings 4.8 Stars out 5 starts_ (This ratings are been given by employees currently working in this company) _&nbsp;We have a permanent job opening for you. Call back immediately on&nbsp;9870851212Or E-mail me immediately on&nbsp;successjobs01@gmail.com"}, "_id": "8277735"}