{"company_info": {"Company Description": "Cozmo Travel World Pvt LtdLaunched in September 2016 with a vision to offer#11;customised travel solutions for independent and corporate travelers, Cozmo Travel India has#11;fast established a name for itself within India. With a complete range of world-class products and consultancy services that support businesses and individuals alike, Cozmo Travel reflects the perfect blend of global expertise and local knowledge.", "Email": "hrindia@cozmotravel.com", "Company Name": "Cozmo Travel Private Limited", "Telephone": "022-71004499"}, "api_data": {"job_location": ["Thane", "Mumbai City"], "jd_id": "8278311", "job_keywords": ["galileo", " b2c", " ticketing", " b2b", "corporate travel", " international ticketing", " refunds", " fare audit"], "job_industry": "Travel / Tourism", "company_name": "Cozmo Travel Private Limited", "job_experience": "3 to 6 Yrs", "job_title": "Executive - Domestic & International Ticketing"}, "other_details": {"Other Skills:": ["corporate travel", "international ticketing", "refunds", "fare audit"], "Department:": ["Reservation / Ticketing", "Tour / Travel Management"], "Industry:": ["Travel / Tourism"], "Skills:": ["galileo", "b2c", "ticketing", "b2b"]}, "topbox_information": {"salary_information": ""}, "jd_information": {"description": "JOB DESCRIPTION:-&nbsp;QUALIFICATION &amp; SKILLS :-"}, "_id": "8278311"}