{"company_info": {"Company Description": "Continental Immigration is the fastest growing immigration consultants having expertise of providing quality solutions in immigration services to individuals, families and corporate clients those who are seeking to settle, work, study, visit or move temporarily or permanently in Canada, Australia, New Zealand , Denmark, Germany, UK, Poland, Hong Kong etc.", "Email": "hr.continentalimmigration@gmail.com", "Company Name": "Continental  Immigration Consultancy Services Pvt Ltd. Hiring For Continental  Immigration Consultancy Services Pvt Ltd.", "Telephone": "01142358804"}, "api_data": {"job_location": ["Delhi"], "jd_id": "8278367", "job_keywords": ["immigration", "canada pr", " immigration executive", " australia pr", " immigration expert", " work permitt", " immigration advisor", " immigration counselor"], "job_industry": "Travel / Tourism", "company_name": "Continental  Immigration Consultancy Services Pvt Ltd. Hiring For Continental  Immigration Consultancy Services Pvt Ltd.", "job_experience": "1 to 3 Yrs", "job_title": "Sr. Visa Documentation (1-3 yr)"}, "other_details": {"Other Skills:": ["canada pr", "immigration executive", "australia pr", "immigration expert", "work permitt", "immigration advisor", "immigration counselor"], "Department:": ["Back Office Operations"], "Industry:": ["Travel / Tourism"], "Skills:": ["immigration"]}, "topbox_information": {"salary_information": "Rs 50,000  - 3.0 Lakh/Yr"}, "jd_information": {"description": "Dear Candidate,Greetings From Continental Immigration!!We have an open vacancy for Sr. Visa DocumentationExperience- 1 to 3 YrSalary Package- As Per Industry StandardJob Responsibility:Interested candidate send their CV's at hr.continentalimmigration@gmail.com"}, "_id": "8278367"}