{"company_info": {"Company Description": "InterviewFox is an interview platform connecting employers and job seekers in real-time. Muthoot Travel Jango uses InterviewFox for its recruitment needs.", "Company Name": "InterviewFox"}, "api_data": {"job_location": ["Kochi"], "jd_id": "8278321", "job_keywords": ["operations", " management", " industry", " tours", " hindi", " english", " tourism", " screening", "operator", " tour", " communication skills"], "job_industry": "Travel / Tourism", "company_name": "InterviewFox", "job_experience": "3 to 6 Yrs", "job_title": "Muthoot Travel Jango - Senior tour manager - 3 - 6 years - lzpiuljwzl"}, "other_details": {"Other Skills:": ["operator", "tour", "communication skills"], "Department:": ["Tour / Travel Management"], "Industry:": ["Travel / Tourism"], "Skills:": ["operations", "management", "industry", "tours", "hindi", "english", "tourism", "screening"]}, "topbox_information": {"salary_information": "Rs 2.5  - 6 Lakh/Yr"}, "jd_information": {"description": "Apply only if you are interested to work in Kochi.If you have the passion to travel and would like to help people visit their dream destinations, you at are the right place. We would like you to speak Hindi and English fluently because we want you to take customers to their destinations through your attractive descriptions. Also experience in the travel industry for at-least 4 years is mandatory.Apply and schedule your pre-screening interview!Muthoot Travel Jango will be a lead player in the Travel Agency business in India, will bring in much needed transparency and consistency while extending services to it&rsquo;s customers."}, "_id": "8278321"}