{"company_info": {"Company Description": "About Us- Unique Travelite Services Pvt. Ltd.UTS Is An ISO Certified Entity Listed On Ministry Of Corporate Affairs. Our Company Provides Best-In-Class Service In The Travel &amp; Tourism Sector Across World", "Email": "swetasharma.uts@gmail.com", "Company Name": "Freelancer Mohan Shyam", "Telephone": "7018582637"}, "api_data": {"job_location": ["Gandhinagar", "Gwalior", "Noida", "Ghaziabad", "Gurugram", "Gir", "Faridabad", "Mumbai City", "Delhi", "Bhopal"], "jd_id": "8278073", "job_keywords": ["training", " tourism", " can", "graduate ", " post graduate.mca.mma.m.phill. 12th passed", " bbm", " m", " bba"], "job_industry": "Travel / Tourism", "company_name": "Freelancer Mohan Shyam", "job_experience": "0 to 1 Yr", "job_title": "Earn upto 30k Monthly By Doing copy paste work at home"}, "other_details": {"Other Skills:": ["graduate", "post graduate.mca.mma.m.phill. 12th passed", "bbm", "m", "bba"], "Department:": ["HR", "Marketing / Communication"], "Industry:": ["Travel / Tourism"], "Skills:": ["training", "tourism", "can"]}, "topbox_information": {"salary_information": "Rs 6  - 9 Lakh/Yr"}, "jd_information": {"description": "Hi DearRequirement for Part Time Internet Based WorkEasy Works Are Available For Workers Around The World.Nature of Business:&nbsp;Promotion of Tourism&nbsp;Services.Income:&nbsp;You Can Earn Up To Rs.4000 To 6000 Per Week.Benefit:&nbsp;No Time Bound, No Skill Required.Complete Training Provided To All Active Members.All Payments Are Weekly Basis.Worldwide Required Limited VacanciesApply Now.Sweta Sharma (Hr Manager)7018582637"}, "_id": "8278073"}