{"company_info": {"Company Description": "TFG VACATIONS INDIA PRIVATE LIMITEDTFG VACATIONS INDIA PVT.LTD, one of the fast growing company in Travel &amp; Tourism industry is providing online income opportunity.We need committed &amp; result-oriented people who can join hands with us &amp; contribute in the promotion.Earn huge benefits in form of income (weekly/monthly).Come &amp; work in a no target, no selling, no work pressure, no time Boundation &amp; no boss environment.t", "Email": "info@tfgholidays.com", "Company Name": "TFG VACATIONS   INDIA PRIVATE LIMITED", "Telephone": "8765105008"}, "api_data": {"job_location": ["Jaipur", "Jaisalmer", "Jodhpur", "Kota", "Patiala", "Udaipur", "Alwar", "Bikaner", "Bhilwara", "Ajmer"], "jd_id": "8278297", "job_keywords": ["internet media", " facebook marketing", " online advertising", " internet marketing", " online branding", " web marketing", " web promotion", " mobile marketing", " google adwords", " digital marketing"], "job_industry": "Travel / Tourism", "company_name": "TFG VACATIONS   INDIA PRIVATE LIMITED", "job_experience": "0 to 1 Yr", "job_title": "Freelance Hiring for Online Company Promotion Executive"}, "other_details": {"Other Skills:": ["internet media", "facebook marketing", "online advertising", "internet marketing", "online branding", "web marketing", "web promotion", "mobile marketing", "google adwords", "digital marketing"], "Industry:": ["Travel / Tourism"], "Department:": ["Internet Marketing", "Networking"]}, "topbox_information": {"salary_information": "Rs 5  - 12 Lakh/Yr"}, "jd_information": {"description": "TFG VACATIONS INDIA is a travel &amp; tourism company based in India!Besides offering travel &amp; tourism services, worldwide, we offer online promotion work opportunities.&nbsp;TFG VACATIONS INDIA PVT.LTD, one of the fast growing company in Travel &amp; Tourism industry is providing online income opportunity.We need committed &amp; result-oriented people who can join hands with us &amp; contribute in the promotion.Earn huge benefits in form of income (weekly/monthly).Come &amp; work in a no target, no selling, no work pressure, no time Boundation &amp; no boss environment.Nature of Business:&nbsp;Promotion of Tourism&nbsp;services.Income:&nbsp;You can earn up to Rs.4000 to 6000 per week.Benefit:&nbsp;No Time Bound, No Skill required.Call Now or Whats app @ 8765105008&nbsp;"}, "_id": "8278297"}