{"company_info": {"Company Description": "About Us- Unique Travelite Services Pvt. Ltd.UTS Is An ISO Certified Entity Listed On Ministry Of Corporate Affairs. Our Company Provides Best-In-Class Service In The Travel &amp; Tourism Sector Across World", "Email": "esther.uts09@gmail.com", "Company Name": "Freelancer Mohan Shyam", "Telephone": "8178950226"}, "api_data": {"job_location": ["Gurugram", "Kolkata", "Mumbai City", "Delhi"], "jd_id": "8280187", "job_keywords": ["vcb", " transformers", " bb", " bbs", " sales", " bbedit", " mcb", " mmo", " bbsa", " tourism", "itunes", " mccb", " client account manager"], "job_industry": "Travel / Tourism", "company_name": "Freelancer Mohan Shyam", "job_experience": "6 to 10 Yrs", "job_title": "We Are Hiring Fresher/Working Just Spend 2 To 3 Hours In A Day And Earn High I"}, "other_details": {"Other Skills:": ["itunes", "mccb", "client account manager"], "Department:": ["Internet Marketing", "Marketing / Communication"], "Industry:": ["Travel / Tourism"], "Skills:": ["vcb", "transformers", "bb", "bbs", "sales", "bbedit", "mcb", "mmo", "bbsa", "tourism"]}, "topbox_information": {"salary_information": "Rs 7  - 16 Lakh/Yr"}, "jd_information": {"description": "Dear Candidates,We Are Searching A Creative AndAmbitious Person For Our TourismBusiness .If You Are Committed Then Come WithYour Big Dream And Goal.We Are Here To Change Your Life AndTransform Your Dream To Reality!!Call For More IncomePlatformMiss ESTHER (HR Executive)8178950226&nbsp;"}, "_id": "8280187"}