{"company_info": {"Company Description": "Post\u00a0Personal SecretaryLocation\u00a0Andheri - MumbaiQualification GraduateExperience 1 to 3 yearsSalary Depend upon ExperienceKindly find the COMPANY DETAILS below;Name of Corporate -\u00a0Bharat Holiday Club &amp; Resort Pvt LtdNo of employees -11 - 35Weekly off- As per company rulesBonus- As per company rulesPF- As per company rulesMediclaim - As per company rulesCL / SL - After 6 monthsAppraisal- As per performance at regular intervalsDistance from station- 15 mins walking distanceEmployees ratings 4.8 Stars out 5 starts_ (This ratings are been given by employees currently working in this company) _We have a permanent job opening for you. Call back immediately on\u00a07014550369OrE-mail me immediately on\u00a0bharatkumar.gour05@gmail.com", "Email": "bharatkumar.gour05@gmail.com", "Company Name": "Success Manpower Services1", "Telephone": "7014550369"}, "api_data": {"job_location": ["Mumbai City"], "jd_id": "8280345", "job_keywords": ["shorthand", " stenography", " personal", " administration", " typing", " mail", "personal assistance", " secretarial course", " office", " company secretarial functions", " secretarial activities", " secretaryship", " ms", " secretarial skills"], "job_industry": "Travel / Tourism", "company_name": "Success Manpower Services1", "job_experience": "1 to 3 Yrs", "job_title": "Required Personal Secretary at Mumbai for Bharat Holiday Club & Resort Pvt Ltd"}, "other_details": {"Other Skills:": ["personal assistance", "secretarial course", "office", "company secretarial functions", "secretarial activities", "secretaryship", "ms", "secretarial skills"], "Department:": ["Secretary / PA / Steno", "Company Secretary"], "Industry:": ["Travel / Tourism"], "Skills:": ["shorthand", "stenography", "personal", "administration", "typing", "mail"]}, "topbox_information": {"salary_information": "Rs 50,000  - 3.0 Lakh/Yr"}, "jd_information": {"description": "Post: Personal Secretary&nbsp;Location:&nbsp;Andheri - Mumbai&nbsp;Qualification: GraduateExperience 1 to 3 yearsSalary Depend upon ExperienceKindly find the COMPANY DETAILS below;Name of Corporate - Bharat Holiday Club &amp; Resort Pvt Ltd&nbsp;No of employees -11 - 35Weekly off- As per company rulesBonus- As per company rulesPF- As per company rulesMediclaim - As per company rulesCL / SL - After 6 monthsAppraisal- As per performance at regular intervalsDistance from station- 15 mins walking distanceEmployees ratings 4.8 Stars out 5 starts_ (This ratings are been given by employees currently working in this company) _&nbsp;We have a permanent job opening for you. Call back immediately on 7014550369OrE-mail me immediately on bharatkumar.gour05@gmail.com"}, "_id": "8280345"}