{"company_info": {"Company Description": "About Us- Unique Travelite Services Pvt. Ltd.UTS Is An ISO Certified Entity Listed On Ministry Of Corporate Affairs. Our Company Provides Best-In-Class Service In The Travel &amp; Tourism Sector Across World", "Email": "nutanjha.uts@gmail.com", "Company Name": "Freelancer Mohan Shyam", "Telephone": "9990138479"}, "api_data": {"job_location": ["Hyderabad", "Gurugram", "Kolkata", "Mumbai City", "Delhi"], "jd_id": "8280113", "job_keywords": ["feed", " mmic", " ccass", " mm", " mmts", " mme", " mms", " htfs", " mmo", " ccmi", " basic", " bbsa", " fi", " ccim", " ccme", "m.a ", " mm device layer"], "job_industry": "Travel / Tourism", "company_name": "Freelancer Mohan Shyam", "job_experience": "0 to 1 Yr", "job_title": "Hiring Male/Female Candidates For Online Promotion"}, "other_details": {"Other Skills:": ["m.a", "mm device layer"], "Department:": ["Network / System Administration", "Telecom Network Design / Management"], "Industry:": ["Travel / Tourism"], "Skills:": ["feed", "mmic", "ccass", "mm", "mmts", "mme", "mms", "htfs", "mmo", "ccmi", "basic", "bbsa", "fi", "ccim", "ccme"]}, "topbox_information": {"salary_information": "Rs 4.0  - 7 Lakh/Yr"}, "jd_information": {"description": "Dear Candidates,We Are Hiring Fresher Candidates For Online Promotion Work From AnywhereNo Time BoundationNo TargetCall For More InfoMiss NUTAN (HR Manager)9990138479"}, "_id": "8280113"}