{"company_info": {"Company Description": "About Us- Unique Travelite Services Pvt. Ltd.UTS Is An ISO Certified Entity Listed On Ministry Of Corporate Affairs. Our Company Provides Best-In-Class Service In The Travel &amp; Tourism Sector Across World", "Email": "ranagaurav.uts@gmail.com", "Company Name": "Freelancer Mohan Shyam", "Telephone": "9810314651"}, "api_data": {"job_location": ["Tirupati", "Kolkata", "Guntakal", "Gurugram", "Mumbai City", "Delhi", "Anantpur"], "jd_id": "8280309", "job_keywords": ["nnm", " temip", " nnmi", " mmo", " ncpdp", " ovo", " bbp", "business service management", " sitescope", " mm device layer", " server automation", " hp ovo"], "job_industry": "Travel / Tourism", "company_name": "Freelancer Mohan Shyam", "job_experience": "0 to 1 Yr", "job_title": "Tourism Company Hiring Candidates For Part Time "}, "other_details": {"Other Skills:": ["business service management", "sitescope", "mm device layer", "server automation", "hp ovo"], "Department:": ["Customer Service (International)", "Operations Management / Process Analysis"], "Industry:": ["Travel / Tourism"], "Skills:": ["nnm", "temip", "nnmi", "mmo", "ncpdp", "ovo", "bbp"]}, "topbox_information": {"salary_information": "Rs 6  - 12 Lakh/Yr"}, "jd_information": {"description": "Hello Everyone,&nbsp;Office Part/Full Time With Us, Get To See People Earning 35k To 40k P.M. Extra Ordinary Life Style,Extra Ordinary Income, Extra Ordinary Vacation, Extra Ordinary Family Life, Extra Ordinary Knowledge,Extra Ordinary Recognization.To Get An Appointment&nbsp;Call MeStudents, Housewife, Retired Employed And Unemployed And Who Need Some Part Time Income ForApt.Call&nbsp;Me&nbsp;GAURAV RANA (HR Manager)9810314651&nbsp;&nbsp;"}, "_id": "8280309"}