{"company_info": {"Company Description": "pitched database", "Company Name": "Vision Services"}, "api_data": {"job_location": ["Pune"], "jd_id": "8283534", "job_keywords": ["Taxation ", "  Tally", "ERP System"], "job_industry": "Travel / Tourism", "company_name": "Vision Services", "job_experience": "3 to 6 Yrs", "job_title": "Manager Accounts"}, "other_details": {"Other Skills:": ["ERP System"], "Department:": ["Finance / Accounts / Tax"], "Industry:": ["Travel / Tourism"], "Skills:": ["Taxation", "Tally"]}, "topbox_information": {"salary_information": ""}, "jd_information": {"description": ""}, "_id": "8283534"}