{"company_info": {"Company Name": "Travstore Travel Management Pvt Ltd"}, "api_data": {"job_location": ["Pune"], "jd_id": "8289532", "job_keywords": ["Graphic Designer", "   Audio Video Edit", "  Content Developer"], "job_industry": "Travel / Tourism", "company_name": "Travstore Travel Management Pvt Ltd", "job_experience": "3 to 6 Yrs", "job_title": "Campaign Design Lead"}, "other_details": {"Other Skills:": ["Graphic Designer", "Audio Video Edit", "Content Developer"], "Industry:": ["Travel / Tourism"], "Department:": ["Management Consulting / Strategy"]}, "topbox_information": {"salary_information": ""}, "jd_information": {"description": ""}, "_id": "8289532"}