{"company_info": {"Company Name": "Travstore Travel Management Pvt Ltd"}, "api_data": {"job_location": ["Pune"], "jd_id": "8289528", "job_keywords": ["promotions", "Analyzing sales ", "  coming with deals"], "job_industry": "Travel / Tourism", "company_name": "Travstore Travel Management Pvt Ltd", "job_experience": "1 to 2 Yrs", "job_title": "Online Operation Executive"}, "other_details": {"Other Skills:": ["Analyzing sales", "coming with deals"], "Department:": ["IT Operations / EDP / MIS"], "Industry:": ["Travel / Tourism"], "Skills:": ["promotions"]}, "topbox_information": {"salary_information": ""}, "jd_information": {"description": ""}, "_id": "8289528"}