{"company_info": {"Company Name": "ResBird Technologies Pvt. Ltd. (Amadeus India)"}, "api_data": {"job_location": ["Gurugram"], "jd_id": "8296140", "job_keywords": ["knowledge of Online Travel products"], "job_industry": "Travel / Tourism", "company_name": "ResBird Technologies Pvt. Ltd. (Amadeus India)", "job_experience": "3 to 5 Yrs", "job_title": "Manager - Ecommerce"}, "other_details": {"Other Skills:": ["knowledge of Online Travel products"], "Industry:": ["Travel / Tourism"], "Department:": ["Internet Marketing"]}, "topbox_information": {"salary_information": ""}, "jd_information": {"description": ""}, "_id": "8296140"}