{"company_info": {"Company Name": "ResBird Technologies Pvt. Ltd. (Amadeus India)"}, "api_data": {"job_location": ["Delhi"], "jd_id": "8296130", "job_keywords": ["Ticketing ", "  Documentation", "Travel"], "job_industry": "Travel / Tourism", "company_name": "ResBird Technologies Pvt. Ltd. (Amadeus India)", "job_experience": "2 to 4 Yrs", "job_title": "Travel Process"}, "other_details": {"Other Skills:": ["Travel"], "Department:": ["Sales / BD"], "Industry:": ["Travel / Tourism"], "Skills:": ["Ticketing", "Documentation"]}, "topbox_information": {"salary_information": ""}, "jd_information": {"description": ""}, "_id": "8296130"}