{"company_info": {"Company Description": "TALENT HUNTER MANPOWER SOLUTION,JOB SOLUTION CONSULTANCYOFFERING GOOD JOBS IN \u00a0CORPORATE OFFICE &amp; OTHER INDUSTRY", "Email": "thmumbai@yahoo.co.in", "Company Name": "Talent Hunters Manpower Solutions", "Telephone": "9769697764"}, "api_data": {"job_location": ["Mumbai City"], "jd_id": "8296967", "job_keywords": ["selling", " co", " marketing", " administration", " research", " hiring", " tours", " can", " basic", " mice", "skills", " interpersonal", " word", " powerpoint", " microsoft"], "job_industry": "Travel / Tourism", "company_name": "Talent Hunters Manpower Solutions", "job_experience": "8 to 12 Yrs", "job_title": "URGENTLY HIRING FOR (TOURS & TRAVEL)MICE OPERATION-DOMESTIC"}, "other_details": {"Other Skills:": ["skills", "interpersonal", "word", "powerpoint", "microsoft"], "Department:": ["Administration / Facility / Transport", "Tour / Travel Management"], "Industry:": ["Travel / Tourism"], "Skills:": ["selling", "co", "marketing", "administration", "research", "hiring", "tours", "can", "basic", "mice"]}, "topbox_information": {"salary_information": "Rs 5  - 12 Lakh/Yr"}, "jd_information": {"description": "TALENT HUNTERS ARE HIRING FOR TOURS AND TRAVEL COMPANYPosition:-SENIOR( MICE OPERATION IN DOMESTIC)Total Experience:- min 8 - 12yrs&nbsp;BASIC REQUIREMENT:&nbsp;&middot; Target domestic corporate selling and marketing major events like Meetings, Incentives, Conference and Exhibition MICE&middot; Must have Knowledge in Domestic Destination&middot; Must have Knowledge in COSTING and NEGOTIATING rates with SUPPLIERS&middot; Discuss clients&rsquo; requirements and provide advice on worldwide destinations, tours, accommodation and flights by understanding the clients&rsquo; interest and purpose of visit.&middot; Designed attractive travel ITINERARIES for clients&middot; Good knowledge of TOURSIM MARKETING technique to encourage destination travel&middot; Excellent Social and Interpersonal Skills with pleasant Personality&middot; Proficiency in Microsoft WORD, EXCEL AND POWERPOINT.&middot; Ability to manage TRAVEL PLANS and ORGANISE task systematic effective ADMINISTRATION and MANAGERIAL skills.&middot; Conducting research according to the requirements of the client.&nbsp;&nbsp;IF YOU FIND THIS JOB SUITABLE TO CAN SEND ME YOUR CV ON THE GIVEN EMAIL ID thmumbai@yahoo.co.in or you can call me on this number 887996786Regards,madhuriTalent Hunters&nbsp;"}, "_id": "8296967"}