{"company_info": {"Company Name": "ResBird Technologies Pvt. Ltd. (Amadeus India)"}, "api_data": {"job_location": ["Kolkata"], "jd_id": "8296120", "job_keywords": ["channel sales  ", "  travel sales  ", "   agency sales", "payment  ", "  gateways"], "job_industry": "Travel / Tourism", "company_name": "ResBird Technologies Pvt. Ltd. (Amadeus India)", "job_experience": "3 to 4 Yrs", "job_title": "Sr./executive Business Development"}, "other_details": {"Other Skills:": ["payment", "gateways"], "Department:": ["Sales / BD"], "Industry:": ["Travel / Tourism"], "Skills:": ["channel sales", "travel sales", "agency sales"]}, "topbox_information": {"salary_information": ""}, "jd_information": {"description": ""}, "_id": "8296120"}