{"company_info": {"Company Name": "ResBird Technologies Pvt. Ltd. (Amadeus India)"}, "api_data": {"job_location": ["Delhi"], "jd_id": "8296136", "job_keywords": ["Sales  ", "   Retail  ", "   Business Development", ""], "job_industry": "Travel / Tourism", "company_name": "ResBird Technologies Pvt. Ltd. (Amadeus India)", "job_experience": "4 to 5 Yrs", "job_title": "Business Development"}, "other_details": {"Department:": ["Sales / BD"], "Industry:": ["Travel / Tourism"], "Skills:": ["Sales", "Retail", "Business Development"]}, "topbox_information": {"salary_information": ""}, "jd_information": {"description": ""}, "_id": "8296136"}