{"company_info": {"Email": "hr.thms123@gmail.com", "Company Name": "Talent Hunters Manpower Solutions", "Telephone": "9867311024"}, "api_data": {"job_location": ["Mumbai City"], "jd_id": "8297475", "job_keywords": ["operations", " industry", " general", " hiring", " tours", " designing", " mice", " air", "contracting", " hotel", " costing"], "job_industry": "Travel / Tourism", "company_name": "Talent Hunters Manpower Solutions", "job_experience": "4 to 9 Yrs", "job_title": "OPENING FOR MICE operations IN TOUR AND TRAVEL COMPANY"}, "other_details": {"Other Skills:": ["contracting", "hotel", "costing"], "Department:": ["Tour / Travel Management"], "Industry:": ["Travel / Tourism"], "Skills:": ["operations", "industry", "general", "hiring", "tours", "designing", "mice", "air"]}, "topbox_information": {"salary_information": ""}, "jd_information": {"description": "TALENT HUNTERS MANPOWER SOLUTIONS HIRING FOR TOURS AND TRAVEL COMPANY&nbsp;JOB TITLE : Asst Mgr/MgrTOTAL EXP.- 5 to 12 yrs ( RELEVANT&nbsp;EXP SAME)SALARY- UP TO 12.00LPA &nbsp;OR (LAST DRAWN SALARY )&nbsp;GENERAL OBJECTIVES OF THE JOB :1. To built healthy &amp; smooth relation with clients / branches / service providers.2. Designing &amp; Costing of Itinerary3. Expertise in domestic&nbsp; destination knowledge-4. Good Knowlegde For Selling ProductMAIN EXECUTIVE TASKS:1. Taking care of Inbound Tours Operations (hotel bookings, visa &amp; air ticketing2. Build relations with local suppliers, industry, hotels &amp; airlines3. Expertise in destination knowledge, visas &amp; confirmation.4. Raising timely invoices5. Meeting / interacting clients as when &amp; required&nbsp;REGARDS,PinKy9867311024"}, "_id": "8297475"}