{"company_info": {"Company Description": "Customer Care Executive,Sr Customer Care Executive &amp; Customer Care associate\u00a0 for customer care industry.we also hire good canditate for telesales, travel and tourism,technical support ,marketing and sales .", "Email": "demographichrservices.delhi@gmail.com", "Company Name": "Demographic Hr Services 1", "Telephone": "7836850555"}, "api_data": {"job_location": ["Noida", "Gurugram", "Delhi"], "jd_id": "8297039", "job_keywords": ["sabre", " marketing", " sales", " amadeus", " galileo", " abacus", " tourism", "apollo", " travel sales", " office", " travel", " direct", " team management", " travel process", " pegasus", " sales - telecommunications", " ms", " holiday packages", " senior sales", " tour packages"], "job_industry": "Travel / Tourism", "company_name": "Demographic Hr Services 1", "job_experience": "0 to 5 Yrs", "job_title": "Position -Exe- / Sr. Travel sales consultant 97836850555"}, "other_details": {"Other Skills:": ["apollo", "travel sales", "office", "travel", "direct", "team management", "travel process", "pegasus", "sales - telecommunications", "ms", "holiday packages", "senior sales", "tour packages"], "Department:": ["Customer Service (International)", "Tour / Travel Management"], "Industry:": ["Travel / Tourism"], "Skills:": ["sabre", "marketing", "sales", "amadeus", "galileo", "abacus", "tourism"]}, "topbox_information": {"salary_information": "Rs 2.5  - 6 Lakh/Yr"}, "jd_information": {"description": "No Consultancy ChargesCall Gunjan -9582676762 , Alisha &ndash; 9540927018 , Siddharth -7836850555,SANJAY 9643467005Position - Travel Executive / Sr. Travel Executive - QualityRequirement -&bull; Minimum 6 months years of experience in a Travel sales process Quality Analyst / Compliance analyst in voice process.&bull; Excellent communication and interpersonal skill.&bull; Strong analytical skill.&bull; Knowledge of Basic quality tools.&bull; Excellent knowledge of MS Office ( Word, Excel, PowerPoint ).&bull; Strong GDS knowledge (Amadeus or Sabare )&bull; Strong Analytical skills with an eye for detai&bull; Candidate should be ready to get involved in day to day operations"}, "_id": "8297039"}