{"company_info": {"Company Description": "We are Hiring for Bpo / Domestic &amp; International Voice Process,TECHINCAL SUPPORT,travel sales,chat and email services\u00a0 .For Delhi - Ncr .Salary 14k - 40k", "Email": "demographichrservices.delhi@gmail.com", "Company Name": "Demographic Hr Services 1", "Telephone": "7836850555"}, "api_data": {"job_location": ["Noida", "Gurugram", "Delhi"], "jd_id": "8305411", "job_keywords": ["gds", " sabre", " communication", " sales", " amadeus", " basic", " galileo", " abacus", " tools", "powerpoint", " office", " process", " travel", " compliance", " domestic ticketing", " rescheduling", " ms", " holiday packages", " voice", " quality", " international ticketing"], "job_industry": "Travel / Tourism", "company_name": "Demographic Hr Services 1", "job_experience": "0 to 4 Yrs", "job_title": "Hiring for Travel Process 9643467OO5"}, "other_details": {"Other Skills:": ["powerpoint", "office", "process", "travel", "compliance", "domestic ticketing", "rescheduling", "ms", "holiday packages", "voice", "quality", "international ticketing"], "Department:": ["Customer Service (International)", "Tour / Travel Guide"], "Industry:": ["Travel / Tourism"], "Skills:": ["gds", "sabre", "communication", "sales", "amadeus", "basic", "galileo", "abacus", "tools"]}, "topbox_information": {"salary_information": "Rs 2.5  - 6 Lakh/Yr"}, "jd_information": {"description": "No Consultancy Charges &ndash;Call Gunjan -9582676762 , Alisha &ndash; 9540927018 , Siddharth -7836850555,SANJAY 9643467005Position - Travel Executive / Sr. Travel Executive - QualityRequirement -&bull; Minimum 6 months years of experience in a Travel sales process Quality Analyst / Compliance analyst in voice process.&bull; Excellent communication and interpersonal skill.&bull; Strong analytical skill.&bull; Knowledge of Basic quality tools.&bull; Excellent knowledge of MS Office ( Word, Excel, PowerPoint ).&bull; Strong GDS knowledge (Amadeus or Sabare )&bull; Strong Analytical skills with an eye for detail"}, "_id": "8305411"}