{"company_info": {"Email": "resume@xpertise.in", "Company Name": "Xpertise. Hiring For Travel Sales Consultant / Senior Travel Sales Consultant in Travel based BPO", "Telephone": "9811351912"}, "api_data": {"job_location": ["Gurugram", "Delhi"], "jd_id": "8305283", "job_keywords": ["ticketing", " sales", "travel agent", " consultant", " travel", " executive", " agent", " travel process", " travel executive", " reservation"], "job_industry": "Travel / Tourism", "company_name": "Xpertise. Hiring For Travel Sales Consultant / Senior Travel Sales Consultant in Travel based BPO", "job_experience": "0 to 6 Yrs", "job_title": "Travel Sales Consultant/Senior Travel Sales Consultant - Gurgaon"}, "other_details": {"Other Skills:": ["travel agent", "consultant", "travel", "executive", "agent", "travel process", "travel executive", "reservation"], "Department:": ["Reservation / Ticketing"], "Industry:": ["Travel / Tourism"], "Skills:": ["ticketing", "sales"]}, "topbox_information": {"salary_information": "Rs 1.5  - 4.0 Lakh/Yr"}, "jd_information": {"description": "Openings in Travel Customer Service Process - Voice Process.&nbsp;Freshers &amp; Experienced candidates can also apply.&nbsp;&nbsp;&nbsp;&nbsp;Responsibilities:&nbsp;Will be responsible for providing customer support to clients related to reservation, ticketing and booking.Providing support on fares and charges.Receiving calls and providing the passengers with the best destinations and guiding them with the best deals.Making professional, accurate, cost effective travel arrangements for clients while providing excellent customer service.Helping clients with travel planning, business packages, vacation packages as well as travel advice &amp; information.Selling vacation packages including flight &amp; hotels.Making itineraries for both Domestic and International travel.&nbsp;Desired candidates:&nbsp;Qualification: Undergraduates, Graduates &amp; 12th Pass.&nbsp;Job Location: Delhi / Gurgaon&nbsp;Shift Timings: Night shifts&nbsp;Working Days: 5&nbsp;Transportation: Yes&nbsp;Salary: 15,000 ctc to 32,000 ctc p.m&nbsp;&nbsp;&nbsp;&nbsp;&nbsp;Contact us .&nbsp;&nbsp;&nbsp;VISHAL ------- 9811351912 . ( ANY DAY BETWEEN 10 AM - 9 PM )&nbsp;&nbsp;&nbsp;&nbsp;**** IMPORTANT: WE DO NOT CHARGE ANY REGISTRATION / PLACEMENT CHARGES BEFORE &amp; AFTER YOUR JOB ****&nbsp;"}, "_id": "8305283"}