{"company_info": {"Company Description": "Customer Care Executive,Sr Customer Care Executive &amp; Customer Care associate\u00a0 for customer care industry.we also hire good canditate for telesales, travel and tourism,technical support ,marketing and sales .", "Email": "demographichrservices.delhi@gmail.com", "Company Name": "Demographic Hr Services 1", "Telephone": "7836850555"}, "api_data": {"job_location": ["Noida", "Gurugram", "Delhi"], "jd_id": "8320981", "job_keywords": ["galileo", " sabre", " sales", " customer service ", "  bpo ", "  operations", " ites ", " travel", "  kpo ", " telecalling/telemarketing executive", "  lpo"], "job_industry": "Travel / Tourism", "company_name": "Demographic Hr Services 1", "job_experience": "0 to 5 Yrs", "job_title": "Hiring For Travel Sales  EXECUTIVE in Gurgaon   7836850555,9643467005"}, "other_details": {"Other Skills:": ["customer service", "bpo", "operations", "ites", "travel", "kpo", "telecalling/telemarketing executive", "lpo"], "Department:": ["Customer Service (International)", "Tour / Travel Management"], "Industry:": ["Travel / Tourism"], "Skills:": ["galileo", "sabre", "sales"]}, "topbox_information": {"salary_information": "Rs 2.5  - 5 Lakh/Yr"}, "jd_information": {"description": "No Consultancy Charges &ndash;Call Gunjan -9582676762 , Alisha &ndash; 9540927018 , Siddharth -7836850555,SANJAY 9643467005&nbsp;office address: 206,2nd floor,pal tower, opp. metro pillar 53, sikanderpur, gurgoan&nbsp;&nbsp;Candidate must have good knowledge of Amedus, Galileo, Sabre, for Travel sales.Experience required min. 6 month in Travel Sales.Comfortable for Voice based UK/US/Australian sales process.5 Days working.Salary - Upto 35kBoth side cab"}, "_id": "8320981"}