{"company_info": {"Company Description": "A small, hard-working consulting firm based out of Delhi. Established in 2005, we hit the ground running with our direct approach to finding success. Large scale solutions, End to End Recruitment and RPO, we offer our clients the full package.&nbsp;", "Email": "sagarika.jobsexpert@gmail.com", "Company Name": "Jobs Expert", "Telephone": "9999880702"}, "api_data": {"job_location": ["Gurugram"], "jd_id": "8325395", "job_keywords": ["ticketing", "international booking", " international voice process", " ticketing executive", " voice process", " ticketing officer", " international call center", " voice support", " voice", " ticketing agent", " international ticketing"], "job_industry": "Travel / Tourism", "company_name": "Jobs Expert", "job_experience": "0 to 4 Yrs", "job_title": "INTERNATIONAL TICKETING CALL-9999880702"}, "other_details": {"Other Skills:": ["international booking", "international voice process", "ticketing executive", "voice process", "ticketing officer", "international call center", "voice support", "voice", "ticketing agent", "international ticketing"], "Department:": ["Customer Service (International)", "Reservation / Ticketing"], "Industry:": ["Travel / Tourism"], "Skills:": ["ticketing"]}, "topbox_information": {"salary_information": "Rs 3.0  - 4.5 Lakh/Yr"}, "jd_information": {"description": "!!!INTERNATIONAL TICKETING!!!INTERNATIONAL TICKETING!!!&nbsp;CALL-SAGARIKA@9999880702&nbsp;HIRING FOR INTERNATIONAL TICKEITNG(BRITISH AIRWAYS)&nbsp;*salary up to 35k*huge incentives*both side cabs*5 days working*2 days off*free meals&nbsp;&nbsp; &nbsp; &nbsp; &nbsp; &nbsp; &nbsp; &nbsp; &nbsp; &nbsp; &nbsp; &nbsp; &nbsp; &nbsp; &nbsp; \"NO AGE BAR\"*freshers/experienced/dropouts/undergrads/grads all can apply&nbsp;contact-sagarika@9999880702&nbsp;or can mail their resumes@sagarika.jobsexpert@gmail.com"}, "_id": "8325395"}