{"company_info": {"Company Name": "AALL SOLUTION TRIP INDIA PVT. LTD."}, "api_data": {"job_location": ["Raipur"], "jd_id": "8328528", "job_keywords": ["Good communication skills ", "  target achiever ", "  positive attitude"], "job_industry": "Travel / Tourism", "company_name": "AALL SOLUTION TRIP INDIA PVT. LTD.", "job_experience": "3 to 6 Yrs", "job_title": "Territory Sales Officer"}, "other_details": {"Other Skills:": ["Good communication skills", "target achiever", "positive attitude"], "Industry:": ["Travel / Tourism"], "Department:": ["Sales / BD"]}, "topbox_information": {"salary_information": ""}, "jd_information": {"description": ""}, "_id": "8328528"}