{"company_info": {"Company Description": "Post IATA Staff (Ticketing)Location MumbaiQualification 12th &amp; DiplomaExperience 1 to 3 years International &amp; DomesticSalary Depend upon ExperienceKindly find the COMPANY DETAILS below;Name of Corporate -\u00a0Pep TravelsNo of employees -11 - 30Weekly off- As per company rulesBonus- As per company rulesPF- As per company rulesMediclaim - As per company rulesCL / SL - After 6 monthsAppraisal- As per performance at regular intervalsDistance from station- 15 mins walking distanceEmployees ratings 4.8 Stars out 5 starts_ (This ratings are been given by employees currently working in this company) _We have a permanent job opening for you. Call back immediately on\u00a09820641630Or E-mail me immediately on successjobs01@gmail.com", "Email": "successjobs01@gmail.com", "Company Name": "Success Manpower Services1", "Telephone": "9820641630"}, "api_data": {"job_location": ["Mumbai City"], "jd_id": "8330787", "job_keywords": ["ticketing", "domestic ticketing", " ticket booking", " hotel booking", " holiday packages", " reservation", " tour packages", " international ticketing"], "job_industry": "Travel / Tourism", "company_name": "Success Manpower Services1", "job_experience": "1 to 2 Yrs", "job_title": "Required IATA Staff (Ticketing) at Mumbai for Pep Travels"}, "other_details": {"Other Skills:": ["domestic ticketing", "ticket booking", "hotel booking", "holiday packages", "reservation", "tour packages", "international ticketing"], "Department:": ["Reservation / Ticketing"], "Industry:": ["Travel / Tourism"], "Skills:": ["ticketing"]}, "topbox_information": {"salary_information": "< Rs 50,000  - 2.5 Lakh/Yr"}, "jd_information": {"description": "Post: IATA Staff (Ticketing)Location: MumbaiQualification: 12th &amp; DiplomaExperience 1 to 3 years International &amp; DomesticSalary Depend upon ExperienceKindly find the COMPANY DETAILS below;Name of Corporate -&nbsp;Pep TravelsNo of employees -11 - 30Weekly off- As per company rulesBonus- As per company rulesPF- As per company rulesMediclaim - As per company rulesCL / SL - After 6 monthsAppraisal- As per performance at regular intervalsDistance from station- 15 mins walking distanceEmployees ratings 4.8 Stars out 5 starts_ (This ratings are been given by employees currently working in this company) _&nbsp;We have a permanent job opening for you. Call back immediately on 9820641630Or E-mail me immediately on successjobs01@gmail.com&nbsp;"}, "_id": "8330787"}