{"company_info": {"Company Name": "Streamsource Services"}, "api_data": {"job_location": ["Bangalore"], "jd_id": "8336106", "job_keywords": ["Good", "Excellent communication skills ", "  Enthusiastic"], "job_industry": "Travel / Tourism", "company_name": "Streamsource Services", "job_experience": "3 to 7 Yrs", "job_title": "Hiring for FIT Specialist"}, "other_details": {"Other Skills:": ["Excellent communication skills", "Enthusiastic"], "Department:": ["Sales / BD"], "Industry:": ["Travel / Tourism"], "Skills:": ["Good"]}, "topbox_information": {"salary_information": ""}, "jd_information": {"description": ""}, "_id": "8336106"}