{"company_info": {"Company Description": "Dear Sir/Madam,Greeting from AL HAMD MANPOWER Service IN EAST DELHISir We Manpower Provide to ONLY SAUDI ARABIA COUNTRY. We have all Catagories Experienced and HardworkerCandidate.If you have Any Recuritment of Any Candidate Please contact with us. We Provide Quality &amp; trad Workers.1. HEAVY DUTY DRIVER COMPANY(GCC LICENCE &amp; INDIAN LICENCE FRESH) = SALARY - 1500 TO 1800 SR - SC - 90 TO 1152. L.M.V. DUTY DRIVER COMPANY OR FAMILY DRIVER (GCC LICENCE &amp; INDIAN LICENCE FRESH) = SALARY - 1200 TO 1600 SR - SC - 85 TO 903. ALL OPERATOR JCB AND SHOWAL OR FORKLIFP AND EXCAVATOR CRAIN OPERATOR = SALARY - 1500 TO 1800 SR - SC - 85 TO 954. MASON (FRESHER AND GULF EXPERIENCED) = SALARY - 1400 TO 1800 SR - SC - 85 TO 905. ELECTRICION OR PLUMBER (FRESHER AND GULF EEPERIENCED) = SALARY - 1400 TO 1800 SR - SC - 85 TO 956. CARPENTER FINSHING AND SHUTRING &amp; GIPSEM CARPENTER. = SALARY - 1400 TO 1700 SR - SC - 85 TO 957. STEEL FIXER (FRESHER AND GULF EXEPERIENCED) SALARY - 1400 TO 1800 SR - SC - 85 TO 958. HELPER IN COMPANY (FRESHER AND GULF EEPERIENCED) SALARY - 1200 TO 1600 SR - SC - 90 TO 1209. COOK required . e.c.n.r. PASSPORT - (FRESH OR GULF RETURN ACCEPTED . SALARY - 1500 SR TO 2400 SR SC - 80 TO 95PAYMENT OPTION THREE PART - 1 - AFTER MOFA2 - AFTER VISA STAMPING3 - FINAL PAYMENT TIME OF AIR TICKET OR AGGREMENTEMAIL ID - alhamdservice786@gmail.comalhamdservicejobs@gmail.communeer@alhamdmanpower.comWEBSIDE - www.alhamdmanpower.comThanks and Regards,MUNEER AHMEDAL-HAMD MANPOWER VISA SERVICE - IN BHAJANPURA EAST DELHI - 11005307532081797 MUNEER AHMED - 09899838797 NEHA DHAMI --------------------", "Email": "gulfmanapower321@gmail.com", "Company Name": "Gulf manpower", "Telephone": "9899838797"}, "api_data": {"job_location": ["Saudi Arabia"], "jd_id": "8337941", "job_keywords": ["driving", "ms", " office"], "job_industry": "Travel / Tourism", "company_name": "Gulf manpower", "job_experience": "1 to 2 Yrs", "job_title": "FAMILY DRIVER  IN SAUDI"}, "other_details": {"Other Skills:": ["ms", "office"], "Department:": ["Mainframe"], "Industry:": ["Travel / Tourism"], "Skills:": ["driving"]}, "topbox_information": {"salary_information": "Rs 3.0  - 3.5 Lakh/Yr"}, "jd_information": {"description": "AL- HAMD CONSULTANT SERVICEBHAJANPURA NEW DELHI&nbsp;JOB VISA IN SAUDI ARABIA COUNTRY CONTACT WITH PASSPORT&nbsp;URGENT REQUIRED FAMILY DRIVER JOB IN SAUDI 2 YEAR&nbsp;CONTRACT - 2 YEAR&nbsp;ALL TYPE PASSPORT ACCEPTED&nbsp;DUTY - 8 HR + ACCOMADATION&nbsp;AGE- 22- 42 YEAR&nbsp;DOCUMENTS REQUIRED:-&nbsp;1. VALID PASSPORT&nbsp;2. DRIVING LICENCE&nbsp;3. EXPERIENCE LETTER&nbsp;4. PHOTO'5. FINAL EXIT&nbsp;THANK YOU"}, "_id": "8337941"}