{"company_info": {"Company Description": "Leaders in International BPO market. Based out in Gurgaon, Mumbai, Pune etc.Hiring for Technical Process", "Email": "sagarika.jobsexpert@gmail.com", "Company Name": "Jobs Expert", "Telephone": "9999880702"}, "api_data": {"job_location": ["Gurugram"], "jd_id": "8337853", "job_keywords": ["process", "international travel officer", " international travel process", " us shift", " travel tourism", " international travel agent", " international travel consultant", " international travel executive", " international ticketing", " international call centre", " international bpo", " international", " travel"], "job_industry": "Travel / Tourism", "company_name": "Jobs Expert", "job_experience": "0 to 4 Yrs", "job_title": "HIRING FOR INTERNATIONAL TRAVEL PROCESS-TICKETING,RESERVATION"}, "other_details": {"Other Skills:": ["international travel officer", "international travel process", "us shift", "travel tourism", "international travel agent", "international travel consultant", "international travel executive", "international ticketing", "international call centre", "international bpo", "international", "travel"], "Department:": ["Customer Service (International)", "Reservation / Ticketing"], "Industry:": ["Travel / Tourism"], "Skills:": ["process"]}, "topbox_information": {"salary_information": "Rs 3.0  - 4.5 Lakh/Yr"}, "jd_information": {"description": "!!!INTERNATIONAL TRAVEL PROCESS!!!INTERNATIONAL TRAVEL PROCESS&nbsp;CALL-SAGARIKA@9999880702&nbsp;HIRING FOR INTERNATIONAL TRAVEL PROCESS&nbsp;*salary up to 35k in hand*huge incentives*both side cabs*5 days working*2 days off*free meals*captive unit*100% job security*freshers/experienced/graduates/undergrads all can apply\"REQUIRED EXCELLENT COMMUNICATION &nbsp; &nbsp; SKILLS\"&nbsp;contact-sagarika@9999880702or can mail their resumes atsagarika.jobsexpert@gmail.com&nbsp;&nbsp;&nbsp;&nbsp;"}, "_id": "8337853"}