{"company_info": {"Company Description": "We\u00a0\u201cLeom International\" (ISO Certified 9001  2015) established in 2014, our head office located in Punjab is very close to Chandigarh Domestic and International Airports. We have our domestic branches in Punjab, Haryana, Himachal Pradesh, New Delhi, Uttrakhand, and Rajasthan. Here, Our expertise lies in offering complete support to client companies for meeting the recruitment and staffing needs in industries like, Mechanical and Civil Construction, hospitality etc. The package includes handling complete aspects of profile from sourcing, selection, shortlisting, interviews and recruitment", "Email": "anuja.leom@gmail.com", "Company Name": "Leom    International", "Telephone": "9501781441"}, "api_data": {"job_location": ["Chandigarh"], "jd_id": "8337711", "job_keywords": ["management", " tourism", " ticketing", "event"], "job_industry": "Travel / Tourism", "company_name": "Leom    International", "job_experience": "0 to 2 Yrs", "job_title": "Looking Candidate for Tourism , tour & travels or Event Management"}, "other_details": {"Other Skills:": ["event"], "Department:": ["Reservation / Ticketing"], "Industry:": ["Travel / Tourism"], "Skills:": ["management", "tourism", "ticketing"]}, "topbox_information": {"salary_information": "Rs 1.5  - 3.0 Lakh/Yr"}, "jd_information": {"description": "&nbsp;Looking Candidate for Tourism , tour &amp; travels or Event ManagementLocation: - ZirakpurNo. of Positions: 05(Female Required)Salary: Best salary in the Industry /NegotiableExp: Minimum 0.6-1 yearSkills: knowledge of tour package, hotel package, ticketing booking / worked in eventsQualification: AnyInterested candidates can call me at 9501781441 (Anuja) and drop ur cv at anuja.leom@gmail.com"}, "_id": "8337711"}