{"company_info": {"Company Description": "Talent Corner is a Recruitment Company Head Quartered In Mumbai &amp; having its Operations In India &amp; UAE.Our Vision is to Successful Complete 1,00,000 Recruitment Assignments by 2025. Through these Assignments we Aspire Educate 1000 Girl Childs.Our client is a progressive Private Limited\u00a0 Company\u00a0 in Tour &amp; Travel Industry.Position would be closed urgently.", "Company Name": "Talent Corner HR Services Pvt Ltd Hiring For Talent Corner HR Services Pvt Ltd"}, "api_data": {"job_location": ["Mumbai City"], "jd_id": "8338217", "job_keywords": ["purchase", " excise", " billing", " tally", " tax", " sales", " ledger", " accounts", "salary", " reconciliation", " account", " account assistant", " erp9", " income", " account executive", " bank"], "job_industry": "Travel / Tourism", "company_name": "Talent Corner HR Services Pvt Ltd Hiring For Talent Corner HR Services Pvt Ltd", "job_experience": "1 to 3 Yrs", "job_title": "ACCOUNT EXECUTIVE-  GHATKOPAR,  MUMBAI"}, "other_details": {"Other Skills:": ["salary", "reconciliation", "account", "account assistant", "erp9", "income", "account executive", "bank"], "Department:": ["Finance / Accounts / Tax"], "Industry:": ["Travel / Tourism"], "Skills:": ["purchase", "excise", "billing", "tally", "tax", "sales", "ledger", "accounts"]}, "topbox_information": {"salary_information": ""}, "jd_information": {"description": "Our Client is an established&nbsp; Firm in&nbsp; Tour &amp; Travel Industry located at Ghatkopar.MumbaiThey have branches at Pune&nbsp; &amp; AhmedabadDue to rapid expansion ,Present vacancy has arisen for additional manpower requirements .:&nbsp;DESIGNATION:ACCOUNT EXECUTIVEQUALIFICATION :B.COMEXPERIENCE : 1-3 YEARSLOCATION: Ghatkopar(JOINING : WITHIN 15 DAYS/ EarlierJD:&nbsp;Sales/ Purchase Bill,&nbsp; entry in Tally ERP9Making Callan, Invoices as requiredLedger, Salary Account,Bank Reconciliation, Book of Account, Cash Book, Petty Cash, Daily Expenses Account, Taxation , etcAssist Senior in Accounts&nbsp; as required etc.CTC: As per experiences.Gender:&nbsp; Female&nbsp; preferred&nbsp;"}, "_id": "8338217"}