{"company_info": {"Company Description": "Company OverviewIt is with immense pleasure that we present Travel Post Pvt. Ltd., a two-decade company, committed to efficient and personalized service of the highest standard in Air travel and related services.The Company has been steadily growing in turnover and goodwill since its inception.\u00a0Time and again Travel Post has been honored with prestigious awards for excellence in performance and services, the most recent being, The Avaya Global Connect - Customer Responsiveness award by Economic Times.Travel Post\u00a0launches EQUINO FUN HOLIDAYS. A wing exclusively dedicated to the business of leisure. To help plan holiday packages, tours and cruises for groups, families, corporate, couples and individuals. All with the distinctive stamp of Travel Post hospitality.\u00a0Come, explore the holiday destinations of the world in cyberspace and make holidaying in the new millennium an experience like never before", "Email": "hrconsultant@efh.co.in", "Company Name": "Travel Post Private Limited"}, "api_data": {"job_location": ["Pune"], "jd_id": "8340943", "job_keywords": ["operations", " ticketing", " billing", " documentation", " administration", " sales", " tours", " accounts", "customer", " ms", " office", " service"], "job_industry": "Travel / Tourism", "company_name": "Travel Post Private Limited", "job_experience": "2 to 7 Yrs", "job_title": "Executive  International/Domestic Holiday"}, "other_details": {"Other Skills:": ["customer", "ms", "office", "service"], "Department:": ["Tour / Travel Guide", "Tour / Travel Management"], "Industry:": ["Travel / Tourism"], "Skills:": ["operations", "ticketing", "billing", "documentation", "administration", "sales", "tours", "accounts"]}, "topbox_information": {"salary_information": ""}, "jd_information": {"description": "Principle Responsibilities/ Work AccountabilityMinor ResponsibilityTeleselling of holiday and travel packages (domestic/ international tickets &amp; other documentation services)&nbsp;"}, "_id": "8340943"}