{"company_info": {"Company Name": "ResBird Technologies Pvt. Ltd. (Amadeus India)"}, "api_data": {"job_location": ["Ahmedabad"], "jd_id": "8343656", "job_keywords": ["amadeus  ", "  iata ", "   galileo", "travel"], "job_industry": "Travel / Tourism", "company_name": "ResBird Technologies Pvt. Ltd. (Amadeus India)", "job_experience": "4 to 6 Yrs", "job_title": "Travel Help Desk Executive"}, "other_details": {"Other Skills:": ["travel"], "Department:": ["Customer Service (Domestic)"], "Industry:": ["Travel / Tourism"], "Skills:": ["amadeus", "iata", "galileo"]}, "topbox_information": {"salary_information": ""}, "jd_information": {"description": ""}, "_id": "8343656"}