{"company_info": {"Company Name": "ResBird Technologies Pvt. Ltd. (Amadeus India)"}, "api_data": {"job_location": ["Delhi"], "jd_id": "8343620", "job_keywords": ["ticketing", "fares  ", "  refunds ", "   cancellation"], "job_industry": "Travel / Tourism", "company_name": "ResBird Technologies Pvt. Ltd. (Amadeus India)", "job_experience": "3 to 8 Yrs", "job_title": "Senior . Executive"}, "other_details": {"Other Skills:": ["fares", "refunds", "cancellation"], "Department:": ["Sales / BD"], "Industry:": ["Travel / Tourism"], "Skills:": ["ticketing"]}, "topbox_information": {"salary_information": ""}, "jd_information": {"description": ""}, "_id": "8343620"}