{"company_info": {"Company Name": "Praxis Services Private Limited"}, "api_data": {"job_location": ["Gurugram"], "jd_id": "8343840", "job_keywords": ["sales ", "  business Development", ""], "job_industry": "Travel / Tourism", "company_name": "Praxis Services Private Limited", "job_experience": "0 to 3 Yrs", "job_title": "Sales Associate"}, "other_details": {"Department:": ["Sales / BD"], "Industry:": ["Travel / Tourism"], "Skills:": ["sales", "business Development"]}, "topbox_information": {"salary_information": ""}, "jd_information": {"description": ""}, "_id": "8343840"}