{"company_info": {"Company Name": "Praxis Services Private Limited"}, "api_data": {"job_location": ["Gurugram"], "jd_id": "8343836", "job_keywords": ["hospitality ", "  communication ", "  hotel management ", "  bhm", "opera reservation"], "job_industry": "Travel / Tourism", "company_name": "Praxis Services Private Limited", "job_experience": "0 to 3 Yrs", "job_title": "Reservations Sales Associate"}, "other_details": {"Other Skills:": ["opera reservation"], "Department:": ["Sales / BD"], "Industry:": ["Travel / Tourism"], "Skills:": ["hospitality", "communication", "hotel management", "bhm"]}, "topbox_information": {"salary_information": ""}, "jd_information": {"description": ""}, "_id": "8343836"}