{"company_info": {"Company Name": "Red Apple Travel"}, "api_data": {"job_location": ["Mumbai City"], "jd_id": "8344614", "job_keywords": ["checking", " invoices", " make", " excel", " charts"], "job_industry": "Travel / Tourism", "company_name": "Red Apple Travel", "job_experience": "1 to 2 Yrs", "job_title": "Executive - Europe Ops (Travel division)"}, "other_details": {"Other Skills:": ["checking", "invoices", "make", "excel", "charts"], "Industry:": ["Travel / Tourism"], "Department:": ["Reservation / Ticketing"]}, "topbox_information": {"salary_information": ""}, "jd_information": {"description": ""}, "_id": "8344614"}