{"company_info": {"Email": "mum.hradmin@redappletravel.com", "Company Name": "Red Apple Travel", "Telephone": "2261065000"}, "api_data": {"job_location": ["Mumbai City"], "jd_id": "8349041", "job_keywords": ["operations", " basic", " management", " marketing", " industry", " english", " sales", " pricing", " communication", " mail", " filing", " reporting", "development", " product", " data", " business"], "job_industry": "Travel / Tourism", "company_name": "Red Apple Travel", "job_experience": "0 to 1 Yr", "job_title": "PRODUCT EXECUTIVE"}, "other_details": {"Other Skills:": ["development", "product", "data", "business"], "Department:": ["Back Office Operations"], "Industry:": ["Travel / Tourism"], "Skills:": ["operations", "basic", "management", "marketing", "industry", "english", "sales", "pricing", "communication", "mail", "filing", "reporting"]}, "topbox_information": {"salary_information": "Rs 1.0  - 1.5 Lakh/Yr"}, "jd_information": {"description": "Product ExecutiveExperience: 0 - 1 YearLocation Country: IndiaLocation City: MumbaiJob DescriptionData Entries for all hotels / tours &amp; transfers on Online SystemMonitor &amp; Checking all the dataData Management &amp; FilingChecking all the contents properly before uploadingDaily reporting to respective managersCheck the functionality in the frontend module Operations for FES destinations (if required)Manage the pricing for all products including new and existing, making sure prices are kept up to dateDesired SkillsBasic awareness of Travel industry(Destination like &ndash; Singapore,Malaysia,Thailand,Dubai).Basic Knowledge of English, good communication and Mail skill.Should be computer Literate.Should be prepare for long hours of work if necessary.Team player and proactive nature."}, "_id": "8349041"}