{"company_info": {"Company Description": "Customer service is an integral part of our job. Our most vital asset is our customers. Without them, we would not and could not exist in business. Until and unless we satisfy our customers, they not only would help us grow by continuing to do business and recommend us to their friends and associates.Freelancercomes from a place where we have been serving reputed and hugecompaniesin the past. We have been recruiting people from junior level to higher level. The resume service and job assistance we provide remains the best in the business.We are in business to serve customer needs and we can only do that if we know what does the customer wants. We are in this business for the past several years. The success story atFreelanceris based on the following simple and plain methodologies and vision.Our service is top class because we always have these questions in our mind which make us work round the clock. \u201cWhat we can give our customers that they cannot get elsewhere? What can we do to follow-up and thank people even when they don't buy our service? What can we give customers that are totally unexpected?", "Email": "hrkaranrana@outlook.com", "Company Name": "Freelancer Harish Chandra Gope", "Telephone": "7428309746"}, "api_data": {"job_location": ["Bangalore", "Chennai", "Tirupati", "Other Andhra Pradesh", "Vijayawada", "Hyderabad", "Vishakhapatnam", "Mangalore", "Mysore", "Other Karnataka"], "jd_id": "8350933", "job_keywords": ["operations", " industry", " vouchers", " bpo", " ites", " lpo", " mail", " support", " kpo", "customer", " service"], "job_industry": "Travel / Tourism", "company_name": "Freelancer Harish Chandra Gope", "job_experience": "0 to 1 Yr", "job_title": "Mega Event 4 Grads & Undergrads 4 Travel/tourism/air Ticketing"}, "other_details": {"Other Skills:": ["customer", "service"], "Department:": ["Tour / Travel Management", "Customer Care Executive"], "Industry:": ["Travel / Tourism"], "Skills:": ["operations", "industry", "vouchers", "bpo", "ites", "lpo", "mail", "support", "kpo"]}, "topbox_information": {"salary_information": "Rs 1.5  - 4.5 Lakh/Yr"}, "jd_information": {"description": "Job Description&nbsp;Send me Jobs like this*Providing customer support through Voice/E-Mail/Chat Support&nbsp;*Developing customer service procedures/policies/standards for the company&nbsp;*Provide World Class Customer Service.*Engaged in handling inbound calls of different business Units.Salary:INR 1.5- 4.5 / P.A. cab facility+bonus+incentives+food facility+vouchersIndustry:BPO&nbsp;/&nbsp;Call Centre&nbsp;/&nbsp;ITESFunctional Area:ITES&nbsp;,&nbsp;BPO&nbsp;,&nbsp;KPO&nbsp;,&nbsp;LPO&nbsp;,&nbsp;Customer Service&nbsp;,&nbsp;OperationsRole Category:VoiceRole:Associate/Senior Associate -(NonTechnical)Employment Type:Permanent Job, Full TimeInterested candidate call to Hr Team:-+917428309746&nbsp;"}, "_id": "8350933"}