{"company_info": {"Company Name": "The holidays Club"}, "api_data": {"job_location": ["Ghaziabad"], "jd_id": "8351830", "job_keywords": ["Customer Service ", "  Customer Care ", "  cse ", "  Bpo ", "  Voice Process", "Customer Supp", " t ", "  cce ", "  ourbound Calling ", "  Inbound Calling ", "  Process Associate"], "job_industry": "Travel / Tourism", "company_name": "The holidays Club", "job_experience": "1 to 3 Yrs", "job_title": "Customer Care Executive"}, "other_details": {"Other Skills:": ["Customer Supp", "t", "cce", "ourbound Calling", "Inbound Calling", "Process Associate"], "Department:": ["Customer Service (Domestic)"], "Industry:": ["Travel / Tourism"], "Skills:": ["Customer Service", "Customer Care", "cse", "Bpo", "Voice Process"]}, "topbox_information": {"salary_information": ""}, "jd_information": {"description": ""}, "_id": "8351830"}