{"company_info": {"Company Name": "The holidays Club"}, "api_data": {"job_location": ["Ghaziabad"], "jd_id": "8351826", "job_keywords": ["TeleMarketing ", "  telesales ", "  Telecalling ", "  Customer care", "Tele Caller"], "job_industry": "Travel / Tourism", "company_name": "The holidays Club", "job_experience": "1 to 5 Yrs", "job_title": "Marketing Executive"}, "other_details": {"Other Skills:": ["Tele Caller"], "Department:": ["Marketing / Communication"], "Industry:": ["Travel / Tourism"], "Skills:": ["TeleMarketing", "telesales", "Telecalling", "Customer care"]}, "topbox_information": {"salary_information": ""}, "jd_information": {"description": ""}, "_id": "8351826"}