{"company_info": {"Company Description": "Continental Immigration is the fastest growing immigration consultants having expertise of providing quality solutions in immigration services to individuals, families and corporate clients those who are seeking to settle, work, study, visit or move temporarily or permanently in Canada, Australia, New Zealand , Denmark, Germany, UK, Poland, Hong Kong etc.", "Email": "hr.continentalimmigration@gmail.com", "Company Name": "Continental  Immigration Consultancy Services Pvt Ltd.", "Telephone": "9350820777"}, "api_data": {"job_location": ["Delhi"], "jd_id": "8352159", "job_keywords": ["documentation", " graduate", "visa", " south delhi", " fresher", " female candidate"], "job_industry": "Travel / Tourism", "company_name": "Continental  Immigration Consultancy Services Pvt Ltd.", "job_experience": "0 to 1 Yr", "job_title": "Fresher Required in South Delhi"}, "other_details": {"Other Skills:": ["visa", "south delhi", "fresher", "female candidate"], "Department:": ["Back Office Operations"], "Industry:": ["Travel / Tourism"], "Skills:": ["documentation", "graduate"]}, "topbox_information": {"salary_information": "< Rs 50,000  - 1.5 Lakh/Yr"}, "jd_information": {"description": "Dear Candidate,Greetings From Continental !!We have an urgent Opening for FresherProfile- Visa DocumentationSalary- As per Company StandardJob Type- Full TimeJob timing- 9:30am to 6:00pmCandidate Profile:Female Candidate OnlyExcellent Communication SkillCandidate Should be GraduateAble to Learn new things easily.Interested Candidate directly come for the interview at Devika Tower-Nehru Place,OfficeNo.-1008 New Delhior call on directly 9350820777.&nbsp;&nbsp;"}, "_id": "8352159"}