{"company_info": {"Company Description": "Synergy Ace Solutions Pvt. Ltd.&nbsp;&nbsp; outsourcing&nbsp; company..... ..... ...... ..... .... .... ....... ...... .... ....... ...... ..... .... ..... .... ..... .... .... ..... ..... .... ........ ........ ......... ..... ....... ..... ...... ...... ..... ... ... ... .... ... ... .... ... ... .... ... ... ...", "Email": "pragati@synergyace.com", "Company Name": "[Company Hidden]", "Telephone": "9004493548"}, "api_data": {"job_location": ["Navi Mumbai", "Pune"], "jd_id": "8354673", "job_keywords": ["marketing", " telecalling", " telemarketing", " telesales", "tele caller", " voice process", " domestic calling", " call center management", " outbound process", " outbound calling"], "job_industry": "Travel / Tourism", "company_name": "[Company Hidden]", "job_experience": "0 to 2 Yrs", "job_title": "Telesales / Telemarketing Executive"}, "other_details": {"Other Skills:": ["tele caller", "voice process", "domestic calling", "call center management", "outbound process", "outbound calling"], "Department:": ["Customer Service (Domestic)", "Customer Care Executive (Call Centre)"], "Industry:": ["Travel / Tourism"], "Skills:": ["marketing", "telecalling", "telemarketing", "telesales"]}, "topbox_information": {"salary_information": ""}, "jd_information": {"description": "Designation- Telemarketing ExecutiveKey skills - outbound process, calling, domestic BPO, call centerEducation - HSC Passed, Fresher Also WelcomeLocation - PUNE, NAVI MUMBAI (VASHI)Salary - depend on candidate.CONTACT NO.- 9004493548Thanx &amp; RegardsHR Sonali."}, "_id": "8354673"}