{"company_info": {"Company Description": "Our client is based out in Delhi while branches spread over Mumbai, Jammu, Dehradun and Cochin. It has been honored with \"The National Tourism and Hospitality Excellence Award\" for the year 2006-07 by the Govt. of India.", "Email": "rmglobalc4@gmail.com", "Company Name": "Orbit Placement Consultancy Hiring For A leading tour and travelling co", "Telephone": "9211663337"}, "api_data": {"job_location": ["Delhi"], "jd_id": "8362045", "job_keywords": ["marketing", " sales", "email process", " fresher", " customer service", " blended process", " domestic process", " business development", " online lead generation", " cold calling", " customer retention", " cce", " chat process", " client relationship management", " business analyst", " business process improvement"], "job_industry": "Travel / Tourism", "company_name": "Orbit Placement Consultancy Hiring For A leading tour and travelling co", "job_experience": "0 to 4 Yrs", "job_title": "Freshers Required  for Sales & Marketing Exe|| Excellent comm Skills,"}, "other_details": {"Other Skills:": ["email process", "fresher", "customer service", "blended process", "domestic process", "business development", "online lead generation", "cold calling", "customer retention", "cce", "chat process", "client relationship management", "business analyst", "business process improvement"], "Department:": ["Sales / BD"], "Industry:": ["Travel / Tourism"], "Skills:": ["marketing", "sales"]}, "topbox_information": {"salary_information": "Rs 50,000  - 2.0 Lakh/Yr"}, "jd_information": {"description": "We have an opening for Sales &amp; Marketing Executive For \"Tour &amp; Travels company\".Fresher &amp; Experience BothGood command on Verbal &amp; Writen Comm Skills.Working Time &amp; Days : 9:30 am to 9:30 Pm(any 9 hours shift), 5.5 Days in a Week."}, "_id": "8362045"}