{"company_info": {"Company Name": "Heraa international travel services"}, "api_data": {"job_location": ["Saudi Arabia"], "jd_id": "8366374", "job_keywords": ["SCHS  Saudi Health Council ", "  Practitioner  ", "   Physician"], "job_industry": "Travel / Tourism", "company_name": "Heraa international travel services", "job_experience": "3 to 8 Yrs", "job_title": "General Practitioner"}, "other_details": {"Other Skills:": ["SCHS  Saudi Health Council", "Practitioner", "Physician"], "Industry:": ["Travel / Tourism"], "Department:": ["Nursing"]}, "topbox_information": {"salary_information": ""}, "jd_information": {"description": ""}, "_id": "8366374"}