{"company_info": {"Company Name": "Heraa international travel services"}, "api_data": {"job_location": ["Saudi Arabia"], "jd_id": "8366386", "job_keywords": ["diagrams ", "   drawings ", "   blueprints ", "   maintenance manuals"], "job_industry": "Travel / Tourism", "company_name": "Heraa international travel services", "job_experience": "4 to 9 Yrs", "job_title": "MECHANICAL MAINTENANCE ENGINEER"}, "other_details": {"Other Skills:": ["diagrams", "drawings", "blueprints", "maintenance manuals"], "Industry:": ["Travel / Tourism"], "Department:": ["Maintenance"]}, "topbox_information": {"salary_information": ""}, "jd_information": {"description": ""}, "_id": "8366386"}