{"company_info": {"Company Description": "VMAKE VISAS PROVIDE (ORAS) \u201cOVERSEAS RESUME ADVERTISEMENT SERVICES\u201d\u00a0IN CANADA ,AUSTRALIA.ORAS-VMAKE VISAS PROVIDE (ORAS) \u201cOVERSEAS RESUME ADVERTISEMENT SERVICES\u201dMIDDAL EAST COUNTRY, CANADA, AUSTRALIA, UK, USA, NEW ZEALAND, NORWAY,DENMARK AND REST OF THE WORLD.ANDFOR AUSTRALIA PERMANENT RESIDENCY-HOT OCCUPATIONS WIDE OPEN IN AUSTRALIA FOR IMMIGRATION FOR SKILLED PROFESSIONALS.ANDFOR CANADA PERMANENT RESIDENCY-CANADA FEDERAL SKILLED MIGRATION.ANDVISA IMMIGRATION CONSULTANCY SERVICES -BUSINESS VISA, INVESTMENT VISA , WORK &amp; WORK PERMIT VISA, VISIT &amp; VISITORS VISA, DEPENDENT VISA, TOURIST VISA, SPOUSE VISA, STUDY VISA.(PERMANENT RESIDENCY), CANADA, AUSTRALIA, UK, USA, NEW ZEALAND, NORWAY DENMARK AND SINGAPORE,ANDSTUDY ABROAD-STUDY ABROAD CONSULTANTS,STUDY ABROAD COUNSELORS.CANADA, AUSTRALIA, UK, USA, NEW ZEALAND, NORWAY, \u00a0DENMARK &amp; SINGAPORE.VMAKE VISAS(Immigrant Immigrates with Vmake Visas )VMAKE VISAS PVT. LTD.", "Email": "hrpune@vmakevisas.in", "Company Name": "VMAKE Visas Pvt Ltd.", "Telephone": "7030939000"}, "api_data": {"job_location": ["Pune"], "jd_id": "8367885", "job_keywords": ["editing", " writing", "development", " technical", " content", " creative"], "job_industry": "Travel / Tourism", "company_name": "VMAKE Visas Pvt Ltd.", "job_experience": "0 to 2 Yrs", "job_title": "Immediate hiring for  Content writer"}, "other_details": {"Other Skills:": ["development", "technical", "content", "creative"], "Department:": ["Tour / Travel Guide", "Tour / Travel Management"], "Industry:": ["Travel / Tourism"], "Skills:": ["editing", "writing"]}, "topbox_information": {"salary_information": "Rs 1.0  - 2.5 Lakh/Yr"}, "jd_information": {"description": "Job duties:&nbsp;Research, write and edit content from scratch for website, social media, newsletters, Company brochures, client communications, clients&rsquo; CV/resume, reference letter, legal documents and articles.Write web content based on material supplied by client or employer.Proofread final draft of web pages.Write content for Meta keyword and description tags.Write alt-text for images.&nbsp;Requirement:&nbsp;A&nbsp;graduate with a good command over the English language.A flair for writing with an understanding of what works on the internet.An ability to work in a team with&nbsp;good communication skills.An effective writing style that is fresh, consistent and customer friendly.&nbsp;A knack for editing and proof reading with good research skills.Experience in writing or with a publishing house can be an added advantage.&nbsp;"}, "_id": "8367885"}