{"company_info": {"Company Name": "Conde Nast India"}, "api_data": {"job_location": ["United States of America"], "jd_id": "8370900", "job_keywords": ["marketing ", "  account management ", "  advertising", ""], "job_industry": "Travel / Tourism", "company_name": "Conde Nast India", "job_experience": "2 to 5 Yrs", "job_title": "Integrated Marketing Manager (Pharma)"}, "other_details": {"Department:": ["R&amp;D / Product Design"], "Industry:": ["Travel / Tourism"], "Skills:": ["marketing", "account management", "advertising"]}, "topbox_information": {"salary_information": ""}, "jd_information": {"description": ""}, "_id": "8370900"}