{"company_info": {"Company Name": "Conde Nast India"}, "api_data": {"job_location": ["United States of America"], "jd_id": "8370880", "job_keywords": ["Brand Marketing ", " sales ", "  marketing", ""], "job_industry": "Travel / Tourism", "company_name": "Conde Nast India", "job_experience": "5 to 7 Yrs", "job_title": "Manager, Brand Marketing"}, "other_details": {"Department:": ["Marketing / Communication"], "Industry:": ["Travel / Tourism"], "Skills:": ["Brand Marketing", "sales", "marketing"]}, "topbox_information": {"salary_information": ""}, "jd_information": {"description": ""}, "_id": "8370880"}