{"company_info": {"Company Name": "Conde Nast India"}, "api_data": {"job_location": ["United States of America"], "jd_id": "8370930", "job_keywords": ["HTTP ", " debugging tools", ""], "job_industry": "Travel / Tourism", "company_name": "Conde Nast India", "job_experience": "3 to 4 Yrs", "job_title": "Analyst, Measurement and Syndication"}, "other_details": {"Department:": ["Statistics / Analytics"], "Industry:": ["Travel / Tourism"], "Skills:": ["HTTP", "debugging tools"]}, "topbox_information": {"salary_information": ""}, "jd_information": {"description": ""}, "_id": "8370930"}