{"company_info": {"Company Name": "Conde Nast India"}, "api_data": {"job_location": ["United States of America"], "jd_id": "8370906", "job_keywords": ["Design", "project management skills"], "job_industry": "Travel / Tourism", "company_name": "Conde Nast India", "job_experience": "5 to 7 Yrs", "job_title": "Design Director - Entertainment and Media"}, "other_details": {"Other Skills:": ["project management skills"], "Department:": ["Graphic Design"], "Industry:": ["Travel / Tourism"], "Skills:": ["Design"]}, "topbox_information": {"salary_information": ""}, "jd_information": {"description": ""}, "_id": "8370906"}