{"company_info": {"Company Name": "Conde Nast India"}, "api_data": {"job_location": ["United States of America"], "jd_id": "8370886", "job_keywords": ["Adobe Indesign", "K4 experience"], "job_industry": "Travel / Tourism", "company_name": "Conde Nast India", "job_experience": "2 to 3 Yrs", "job_title": "Junior Designer - Entertainment and Media"}, "other_details": {"Other Skills:": ["K4 experience"], "Department:": ["Graphic Design"], "Industry:": ["Travel / Tourism"], "Skills:": ["Adobe Indesign"]}, "topbox_information": {"salary_information": ""}, "jd_information": {"description": ""}, "_id": "8370886"}