{"company_info": {"Company Name": "Conde Nast India"}, "api_data": {"job_location": ["United Kingdom"], "jd_id": "8370970", "job_keywords": ["ts", "sales ", " advertising rep"], "job_industry": "Travel / Tourism", "company_name": "Conde Nast India", "job_experience": "1 to 2 Yrs", "job_title": "Marketing & Research Intern"}, "other_details": {"Other Skills:": ["sales", "advertising rep"], "Department:": ["Marketing / Communication"], "Industry:": ["Travel / Tourism"], "Skills:": ["ts"]}, "topbox_information": {"salary_information": ""}, "jd_information": {"description": ""}, "_id": "8370970"}