{"company_info": {"Company Name": "Conde Nast India"}, "api_data": {"job_location": ["United Kingdom"], "jd_id": "8370966", "job_keywords": ["Zendesk", "IT Supp", " t Specialist"], "job_industry": "Travel / Tourism", "company_name": "Conde Nast India", "job_experience": "4 to 5 Yrs", "job_title": "Infrastructure and Service Desk Support Lead"}, "other_details": {"Other Skills:": ["IT Supp", "t Specialist"], "Department:": ["Technical Support / Helpdesk"], "Industry:": ["Travel / Tourism"], "Skills:": ["Zendesk"]}, "topbox_information": {"salary_information": ""}, "jd_information": {"description": ""}, "_id": "8370966"}