{"company_info": {"Company Name": "Conde Nast India"}, "api_data": {"job_location": ["United States of America"], "jd_id": "8370926", "job_keywords": ["social media", "strong communication ", " collab", " ation skills"], "job_industry": "Travel / Tourism", "company_name": "Conde Nast India", "job_experience": "3 to 4 Yrs", "job_title": "Associate Manager, Social Media"}, "other_details": {"Other Skills:": ["strong communication", "collab", "ation skills"], "Department:": ["Internet Marketing"], "Industry:": ["Travel / Tourism"], "Skills:": ["social media"]}, "topbox_information": {"salary_information": ""}, "jd_information": {"description": ""}, "_id": "8370926"}