{"company_info": {"Company Name": "Conde Nast India"}, "api_data": {"job_location": ["United States of America"], "jd_id": "8370874", "job_keywords": ["Strong communication skills ", " copyright"], "job_industry": "Travel / Tourism", "company_name": "Conde Nast India", "job_experience": "4 to 5 Yrs", "job_title": "Senior Visuals Editor, W"}, "other_details": {"Other Skills:": ["Strong communication skills", "copyright"], "Industry:": ["Travel / Tourism"], "Department:": ["Visual Effects"]}, "topbox_information": {"salary_information": ""}, "jd_information": {"description": ""}, "_id": "8370874"}