{"company_info": {"Company Name": "Conde Nast India"}, "api_data": {"job_location": ["United States of America"], "jd_id": "8370890", "job_keywords": ["ds", "Ad Manager ", "  Google AdW"], "job_industry": "Travel / Tourism", "company_name": "Conde Nast India", "job_experience": "3 to 5 Yrs", "job_title": "Associate Manager,Digital Planning & Analysis"}, "other_details": {"Other Skills:": ["Ad Manager", "Google AdW"], "Department:": ["Internet Marketing"], "Industry:": ["Travel / Tourism"], "Skills:": ["ds"]}, "topbox_information": {"salary_information": ""}, "jd_information": {"description": ""}, "_id": "8370890"}