{"company_info": {"Company Name": "Conde Nast India"}, "api_data": {"job_location": ["United States of America"], "jd_id": "8370936", "job_keywords": ["Health ", " Management", ""], "job_industry": "Travel / Tourism", "company_name": "Conde Nast India", "job_experience": "5 to 7 Yrs", "job_title": "Deputy Health Editor, Self"}, "other_details": {"Department:": ["Occupational Health / Safety"], "Industry:": ["Travel / Tourism"], "Skills:": ["Health", "Management"]}, "topbox_information": {"salary_information": ""}, "jd_information": {"description": ""}, "_id": "8370936"}