{"company_info": {"Company Name": "Conde Nast India"}, "api_data": {"job_location": ["United States of America"], "jd_id": "8370858", "job_keywords": ["digital marketing ", " advertising", ""], "job_industry": "Travel / Tourism", "company_name": "Conde Nast India", "job_experience": "2 to 3 Yrs", "job_title": "Performance Marketing Analyst"}, "other_details": {"Department:": ["Statistics / Analytics"], "Industry:": ["Travel / Tourism"], "Skills:": ["digital marketing", "advertising"]}, "topbox_information": {"salary_information": ""}, "jd_information": {"description": ""}, "_id": "8370858"}