{"company_info": {"Company Description": "Trip PlannersTrip PlannersEstablished Since July' 2004Services India and International Holiday Packages |Worldwide Hotels Booking| Corporate Ticketing | Corporate Visa | Charters | MICETeam Size 40Professionals Member of I.A.T.O., A.D.T.O.I.", "Email": "jobs.tripplanners@yahoo.com", "Company Name": "trip planners", "Telephone": "9999666008"}, "api_data": {"job_location": ["Delhi"], "jd_id": "8370423", "job_keywords": ["operations", " smo", " administration", " sales", "customer", " service", " office", " ad trafficking", " google webmaster tools", " online ads", " ms", " online advertising"], "job_industry": "Travel / Tourism", "company_name": "trip planners", "job_experience": "1 to 6 Yrs", "job_title": "SMO Executive"}, "other_details": {"Other Skills:": ["customer", "service", "office", "ad trafficking", "google webmaster tools", "online ads", "ms", "online advertising"], "Department:": ["IT Operations / EDP / MIS"], "Industry:": ["Travel / Tourism"], "Skills:": ["operations", "smo", "administration", "sales"]}, "topbox_information": {"salary_information": "Rs 1.0  - 2.0 Lakh/Yr"}, "jd_information": {"description": "The person will have in-depth understanding of the key social medial platforms viz. facebook, instagram &amp; twitterThe role will involve developing strategies that will create brand awareness and market presence for our brands using social media.The Individual will be expected to generate leads using facebook groups, instagram pages and twitter followers.Will also be responsible for driving user engagement through social media campaignsProficient with Social Media Optimization (SMO)Strong analytical skillsLiaising with design teams for designsMeasure and report performance against goals (ROI and KPIs)Strategic Link Building, Forum ParticipationPerform Directory and Blog Submissions&nbsp;"}, "_id": "8370423"}