{"company_info": {"Company Name": "Conde Nast India"}, "api_data": {"job_location": ["United States of America"], "jd_id": "8370920", "job_keywords": ["project management ", " ", " ganizational skills"], "job_industry": "Travel / Tourism", "company_name": "Conde Nast India", "job_experience": "3 to 4 Yrs", "job_title": "Performance Marketing Analyst"}, "other_details": {"Other Skills:": ["project management", "", "ganizational skills"], "Industry:": ["Travel / Tourism"], "Department:": ["Statistics / Analytics"]}, "topbox_information": {"salary_information": ""}, "jd_information": {"description": ""}, "_id": "8370920"}