{"company_info": {"Company Name": "Conde Nast India"}, "api_data": {"job_location": ["United States of America"], "jd_id": "8370910", "job_keywords": ["daytoday budget ", " SVP Programming"], "job_industry": "Travel / Tourism", "company_name": "Conde Nast India", "job_experience": "2 to 3 Yrs", "job_title": "Executive Producer - Entertainment and Media"}, "other_details": {"Other Skills:": ["daytoday budget", "SVP Programming"], "Industry:": ["Travel / Tourism"], "Department:": ["Operations Management / Process Analysis"]}, "topbox_information": {"salary_information": ""}, "jd_information": {"description": ""}, "_id": "8370910"}