{"company_info": {"Company Description": "View Holiday TripPerceived as one of India's finest Travel Organizations, ViewHolidayTrip has come to be known as the finest hotspot for all your travel needs. Only four years of age, View Holiday Trip has exceeded expectations in giving travel related administrations to household and inbound tourists and corporate.Travel organizations, for example, hotels, tour administrators and other industry monsters discover our travel gateway \"View Holiday Trip\" a vital medium to advance their offerings. Be it business or delight we offer a reliable administration and different assets to fulfill your each want. With a time of giving incorporated tour and travel benefits our group can coordinate the ideal excursion to suit your dates and spending plan.A smooth new overhaul with shifted interfaces alongside a top to bottom travel guide can enable you to make your holiday a pleasurable experience. We welcome you to investigate the informal style of this site consummate in serving up a classy read giving you a chance to peruse through effortlessly. Do visit us to figure out how we can rearrange and streamline your travel agenda allowing you to re-find a large number of chances you never knew existed.", "Email": "salesviewholidaystrip@gmail.com", "Company Name": "View Holiday Trip", "Telephone": "9311539278"}, "api_data": {"job_location": ["Delhi"], "jd_id": "8375381", "job_keywords": ["travel / tourism"], "job_industry": "Travel / Tourism", "company_name": "View Holiday Trip", "job_experience": "1 to 5 Yrs", "job_title": "Outbound/international Tour Operator"}, "other_details": {"Other Skills:": ["travel / tourism"], "Industry:": ["Travel / Tourism"], "Department:": ["Sales Support / MIS"]}, "topbox_information": {"salary_information": "Rs 1.0  - 4.0 Lakh/Yr"}, "jd_information": {"description": "To Handle and manage all outbound queries from India.Assisting clients in booking a hotel property for outside India Destinations.Assist clients with travel planning and customize vacation packagesSell vacation packages including flight, hotel, cars etc.Aggressive to convert sales &amp; achieve targetsShould be ready to travel on daily basis to drive salesTo maintain excellent relationship with Clients and be able to tailor products pitch according to their specification.To make packages and itineraries and engage in Travel Trade with other agents.Should have complete knowledge of online booking portals : GTA, Hotel Beds and DOTW.To guide them and assist further on the VISA process."}, "_id": "8375381"}