{"company_info": {"Email": "hr.demographic@gmail.com", "Company Name": "Demographic Hr Services 1", "Telephone": "7836850555"}, "api_data": {"job_location": ["Noida", "Gurugram", "Faridabad", "Delhi"], "jd_id": "8378605", "job_keywords": ["consulting", " gds", " sabre", " marketing", " sales", " bpo", " ites", " telesales", " amadeus", " english", " galileo", " abacus", "travel", " call center operations", " fares", " travel sales", " tele caller", " bpo sales", " us shift", " outbound tours", " domestic ticketing", " international ticketing", " travel process", " international call center", " pegasus", " travel insurance", " call center", " rescheduling", " reservations ticketing"], "job_industry": "Travel / Tourism", "company_name": "Demographic Hr Services 1", "job_experience": "1 to 6 Yrs", "job_title": "Exe- /Travel sales consultant Travel Sales Consultant/Senior Travel Sales"}, "other_details": {"Other Skills:": ["travel", "call center operations", "fares", "travel sales", "tele caller", "bpo sales", "us shift", "outbound tours", "domestic ticketing", "international ticketing", "travel process", "international call center", "pegasus", "travel insurance", "call center", "rescheduling", "reservations ticketing"], "Department:": ["Sales / BD", "Customer Service (International)"], "Industry:": ["Travel / Tourism"], "Skills:": ["consulting", "gds", "sabre", "marketing", "sales", "bpo", "ites", "telesales", "amadeus", "english", "galileo", "abacus"]}, "topbox_information": {"salary_information": "Rs 2.5  - 5 Lakh/Yr"}, "jd_information": {"description": "Exe- /Sr. Travel sales consultant / Travel Sales Consultant/Senior Travel Sales Consultant 9643467005&nbsp;Call - Sanjay-9643467005 Gunjan- 9582676762 Priyanka- 8585951900JOB DESCRIPTIONHandling Customer service &amp; Sales Calls from US Customers&bull; Follow ups with customers and clients for existing reservations.&bull; Sell / cross sell travel related services (Flights, Hotel, Car, Travel Insurance , holiday Packages etc)&bull; Meeting monthly performance metricsELIGIBILITY CRITERIA&bull; Excellent Communication and interpersonal skills.&bull; 1 year + experience in international Travel Process.&bull; 1year GDS experience (Amadeus or Sabare)&bull; Flexible to work in any shifts (24X7).&bull; Should be a team playerAGE 22 TO 32 YEARSSALARY :&nbsp;22 K - 40 K + incentivesAdd-On&bull; Both sides cabs&bull; Good salary Package.&bull; 5 Days workingUS -shifts"}, "_id": "8378605"}