{"company_info": {"Company Name": "Futurista Consulting LLP hiring for Leading Digital Media Agency"}, "api_data": {"job_location": ["Panaji"], "jd_id": "8381302", "job_keywords": ["communication skill  ", "  people skill ", "  computer skill"], "job_industry": "Travel / Tourism", "company_name": "Futurista Consulting LLP hiring for Leading Digital Media Agency", "job_experience": "3 to 7 Yrs", "job_title": "Front Desk Executive"}, "other_details": {"Other Skills:": ["communication skill", "people skill", "computer skill"], "Industry:": ["Travel / Tourism"], "Department:": ["Front Office / Receptionist"]}, "topbox_information": {"salary_information": ""}, "jd_information": {"description": ""}, "_id": "8381302"}