{"company_info": {"Company Description": "", "Email": "krishnapatelmorpheus@gmail.com", "Company Name": "[Company Hidden]", "Telephone": "9104722906"}, "api_data": {"job_location": ["Mumbai City"], "jd_id": "8385551", "job_keywords": ["administration", "ms", " office", " services", " call", " reception", " desk", " front"], "job_industry": "Travel / Tourism", "company_name": "[Company Hidden]", "job_experience": "1 to 3 Yrs", "job_title": "An Opening for Receptionist  Mumbai"}, "other_details": {"Other Skills:": ["ms", "office", "services", "call", "reception", "desk", "front"], "Department:": ["Front Office / Receptionist"], "Industry:": ["Travel / Tourism"], "Skills:": ["administration"]}, "topbox_information": {"salary_information": "Rs 2.5  - 3.0 Lakh/Yr"}, "jd_information": {"description": "Job Title: Receptionist &ndash; MumbaiJob Description: A Leading travel company in Mumbai requires a receptionist and the responsibilities includeJob Role:Receive and greet visitors professionally, provide relevant information, guide them to the concerned person.Receive and direct incoming calls , taking and distributing messages to all the employees.Manage and maintain records of all Outgoing mails, couriers and other deliverable.Manage and maintain records of all incoming mails, couriers and other receivables.Manage Inter departmental Transfer of documents and invoices etc.Key Skills:Job location: Mumbai - Lower ParelWorking Days : 6 daysReporting to : Department AdminEducation : GraduateJob Location: MumbaiJob Sector: TravelRequired Experience: 1 - 3 year(s)Relevant Experience: 1 yearsSalary Range: INR 250000 - 300000Salary Unit: per annum"}, "_id": "8385551"}