{"company_info": {"Email": "jobs.tripplanners@yahoo.com", "Company Name": "trip planners", "Telephone": "9999666008"}, "api_data": {"job_location": ["Delhi"], "jd_id": "8385805", "job_keywords": ["good", " basis", " smo", " analytics", " orm", " seo", " off-page", "link builder", " on-page"], "job_industry": "Travel / Tourism", "company_name": "trip planners", "job_experience": "1 to 6 Yrs", "job_title": "SEO Executive"}, "other_details": {"Other Skills:": ["link builder", "on-page"], "Department:": ["IT Operations / EDP / MIS", "Web / Mobile Technologies"], "Industry:": ["Travel / Tourism"], "Skills:": ["good", "basis", "smo", "analytics", "orm", "seo", "off-page"]}, "topbox_information": {"salary_information": "Rs 1.0  - 2.0 Lakh/Yr"}, "jd_information": {"description": "1. Candidate should be working in a S.E.O/S.M.O based company.2. Candidate must be interested either to work part-time (once in a week) or Project Based and result basis.3. Candidate should have good experience of Off-Page, On-Page, SEO, link building, local SEO ORM and SMO.4. Candidate should have good knowledge of Google webmaster and analytics."}, "_id": "8385805"}