{"company_info": {"Email": "Lata.joshi@yatra.com", "Company Name": "Yatra Online Pvt. Ltd."}, "api_data": {"job_location": ["Gurugram"], "jd_id": "8385595", "job_keywords": ["operations", " sales", "customer", " development", " service", " business", " hotel sales", " hotel contracting", " product planning", " b2b sales"], "job_industry": "Travel / Tourism", "company_name": "Yatra Online Pvt. Ltd.", "job_experience": "5 to 7 Yrs", "job_title": "Deputy Manager- Product"}, "other_details": {"Other Skills:": ["customer", "development", "service", "business", "hotel sales", "hotel contracting", "product planning", "b2b sales"], "Department:": ["Operations Management / Process Analysis"], "Industry:": ["Travel / Tourism"], "Skills:": ["operations", "sales"]}, "topbox_information": {"salary_information": "Rs 5  - 7 Lakh/Yr"}, "jd_information": {"description": "Manager/Deputy Manager Product:-Job Profile:"}, "_id": "8385595"}