{"company_info": {"Company Description": "Somya Info Edge Services Private LimitedSomya Infoedge Private Limited was incorporated under the companies act, 1956. Our company has the reputation of India\u2019s premier on-line internet company in many esteemed fields like Education, Recruitment, Health Mantra, Matrimony, Classified, E-Commerce, Real estate, Social Initiative, IT &amp; Digital Marketing, Social networking, Social concern and other related services. Somya Infoedge Pvt. Ltd. is another star in glazing sector of online service provider. Our only intension is to touch your life with our heart warming and dedicated services and leave you with bundle of joy and happiness. Our core inspiration is the ever expanding market of internet and its huge potentiality. That\u2019s the reason we stepped out in this business and ever since we started the business, our clients have been biggest motivators and supporters, they have acted as the pillars of our strengths. We are the company with the view to tap into the growing Indian internet market, undertakes investments in early stage companies / start-up ventures. Somya Infoedge has established and currently maintains a network of 4 websites as a division of this company, which is summarized here on somyainfoedge.in", "Email": "easygetindia@gmail.com", "Company Name": "[Company Hidden]", "Telephone": "9060204060"}, "api_data": {"job_location": ["Other Odisha", "Lucknow", "Kolkata", "Delhi", "Muzzafarpur", "Patna"], "jd_id": "8388763", "job_keywords": ["accounting", " tally", " accounts", "account", " handling", " concepts"], "job_industry": "Travel / Tourism", "company_name": "[Company Hidden]", "job_experience": "3 to 4 Yrs", "job_title": "URGENT NEED OF OF TAX ACCOUNTANT- patna"}, "other_details": {"Other Skills:": ["account", "handling", "concepts"], "Department:": ["Tour / Travel Management", "Tour / Travel Guide"], "Industry:": ["Travel / Tourism"], "Skills:": ["accounting", "tally", "accounts"]}, "topbox_information": {"salary_information": "Rs 2.0  - 3.0 Lakh/Yr"}, "jd_information": {"description": "We are looking for a Tax Accountant to prepare tax payments and returns for our company.To succeed in this role, you should show interest in following changes to tax regulations and laws. Excellent time management skills are also essential, as you&rsquo;ll have to ensure our company meets tight deadlines. Tax Accountant responsibilities also include organizing and maintaining records of tax payments.Ultimately, you should be able to recommend tax strategies that comply with laws and promote our company&rsquo;s financial well-being&nbsp;ResponsibilitiesPrepare tax paymentsEstimate and track tax returnsComplete quarterly and annual tax reportsOrganize and update the company&rsquo;s tax databaseRecommend tax strategies that align with business goalsPrepare necessary paperwork for tax payments and returnsShare financial data with the accounting departmentIdentify tax savings and suggest ways to increase profitsFollow industry trends and track changes related to taxesLiaise with internal and external auditorsForecast tax predictions to senior managers&nbsp;RequirementsProven work experience as a Tax Accountant, Tax Analyst or Tax PreparerKnowledge of accounting and bookkeeping proceduresFamiliarity with accounting software packagesComputer literacy (MS Excel in particular)Excellent analytical and time management skillsStrong numeracy skillsKeen attention to detail"}, "_id": "8388763"}