{"company_info": {"Company Description": "Dear Candidates,We are a fast growing Corporate company dealing in worldwide tourism. \u00a0The Job Profile involves to promote, advertise our various tourism &amp; other services online as well as offline in different different portals and also recruitment of candidates for promoting our services.", "Email": "tjktourism1@rediffmail.com", "Company Name": "corparate com  kolcatta", "Telephone": "8369854138"}, "api_data": {"job_location": ["Mumbai City"], "jd_id": "8388325", "job_keywords": ["portals", " english", " marketing", " basic", " recruitment", " sourcing", " advertising", " communication", " tourism", " hindi", "human", " office", " skills", " computer", " ms", " resources", " knowledge"], "job_industry": "Travel / Tourism", "company_name": "corparate com  kolcatta", "job_experience": "0 to 1 Yr", "job_title": "Promotional Executive cum HR Recruiter"}, "other_details": {"Other Skills:": ["human", "office", "skills", "computer", "ms", "resources", "knowledge"], "Department:": ["Internet Marketing", "Recruitment"], "Industry:": ["Travel / Tourism"], "Skills:": ["portals", "english", "marketing", "basic", "recruitment", "sourcing", "advertising", "communication", "tourism", "hindi"]}, "topbox_information": {"salary_information": "Rs 1.0  - 3.0 Lakh/Yr"}, "jd_information": {"description": "Dear Candidates,We require promotional Executives cum HR Recruiter for a corporate company dealing in worldwide tourism, office located at Fort, Churchgate.The Job requirements are as follows:Basic Computer Knowledge with InternetCommunication Skills in Hindi and English is Must.Job Description:The Promotion of company various services such as advertising, ad posting on different portals and HR Recruitments. Freshers are also welcome.For more details contact us.&nbsp;"}, "_id": "8388325"}