{"company_info": {"Company Description": "Dear Candidates,We are engaged in the business of worldwide tourism and having our offices at Kolkata and Mumbai. \u00a0The Job Profile is to promote our various services online as well as offline, ad posting and Advertising etc.", "Email": "tjktourism1@rediffmail.com", "Company Name": "corparate com  kolcatta", "Telephone": "8369854138"}, "api_data": {"job_location": ["Kolkata", "Mumbai City"], "jd_id": "8388323", "job_keywords": ["communication", " basic", " tourism", " hindi", " english", "ms", " computer", " knowledge", " office"], "job_industry": "Travel / Tourism", "company_name": "corparate com  kolcatta", "job_experience": "0 to 3 Yrs", "job_title": "Executives - Business Promotions"}, "other_details": {"Other Skills:": ["ms", "computer", "knowledge", "office"], "Department:": ["Internet Marketing", "Marketing / Communication"], "Industry:": ["Travel / Tourism"], "Skills:": ["communication", "basic", "tourism", "hindi", "english"]}, "topbox_information": {"salary_information": ""}, "jd_information": {"description": "Dear Candidates,Urgent requirement of Executives for online promotion job of worldwide tourism company located at Mumbai. &nbsp;Male/Femael Candidates having 12th Pass and above with Basic computer knowledge and good communication skill in English &amp; Hindi need apply. &nbsp;Age 18+ and above. &nbsp;No Stress, No Target, No Field work. &nbsp;Apply confidently."}, "_id": "8388323"}