{"company_info": {"Company Description": "Dear Applicants,We are\u00a0a fast growing worldwide travel &amp; tourism company having offices at\u00a0Kolkata and Mumbai engaged in various services of tourism, E-Education, E-Music Therapy &amp; E-insurance &amp; Associate packages.We provide complete training to our selected candidates to promote our services through advertising in various web portals, social medias, blogs.", "Email": "tjktourism1@rediffmail.com", "Company Name": "corparate com  kolcatta", "Telephone": "8369854138"}, "api_data": {"job_location": ["Kolkata", "Mumbai City"], "jd_id": "8388305", "job_keywords": ["recruitment", " advertising", "promotions activities", " communication skills"], "job_industry": "Travel / Tourism", "company_name": "corparate com  kolcatta", "job_experience": "0 to 3 Yrs", "job_title": "Executives - Digital Marketing-cum-HR (For Mumbai only)"}, "other_details": {"Other Skills:": ["promotions activities", "communication skills"], "Department:": ["Recruitment", "Tour / Travel Management"], "Industry:": ["Travel / Tourism"], "Skills:": ["recruitment", "advertising"]}, "topbox_information": {"salary_information": "Rs 2.0  - 3.0 Lakh/Yr"}, "jd_information": {"description": "Dear Applicants,We require Business Executives&nbsp;who can&nbsp;handle the below job profile:1. &nbsp;HR - Advertise, call&nbsp;candidates&nbsp;and recruit them for our company2. &nbsp;Digital Marketing - advertise &amp;&nbsp;promote Company's various services like e-tavel, e-education, e-music therapy &amp; e-insurance through various web portals, social media, blogs etc.Requirement: 12th Pass and above with Basic Computer knowledge, internet and good communication skills.Only interested, talented, hardworking candidates who can handle the above jobs together and also wants to earn higher income can apply. Freshers are also welcome. &nbsp;It is an office work and no field works, no targets. &nbsp;Complete training will be provided by company to the interested and selected candidates."}, "_id": "8388305"}