{"company_info": {"Company Description": "Dear Candidates,The Journey King is a Group of Companies of TJK Lifestyle Services India LLP. \u00a0We are having our offices in Kolkata and Mumbai. Kolkata is our Head\u00a0office. Ours is a tours and travels company working on Worldwide tourism. The Job Profile is to promote and Advertise Company's various services online and Offline basis.", "Email": "tjktourism1@rediffmail.com", "Company Name": "corparate com  kolcatta", "Telephone": "8369854138"}, "api_data": {"job_location": ["Mumbai City"], "jd_id": "8388313", "job_keywords": ["tourism", "digital marketing", " advertisement promotions"], "job_industry": "Travel / Tourism", "company_name": "corparate com  kolcatta", "job_experience": "0 to 1 Yr", "job_title": "Business Executives - for Promotions-Advertising-Marketing"}, "other_details": {"Other Skills:": ["digital marketing", "advertisement promotions"], "Department:": ["Internet Marketing", "Tour / Travel Management"], "Industry:": ["Travel / Tourism"], "Skills:": ["tourism"]}, "topbox_information": {"salary_information": ""}, "jd_information": {"description": "Dear Candidates,Get financial freedom by doing job, welcome to this unique &amp; most successful Part time and Full time online work which is available in a Corporate Company. &nbsp;The Work Is To Promote Worldwide Travel &amp; Tourism With The Help Of Free Online Tools. The List Of Sites And Other Tools Will Be Provided By The Company. You Can Start This Job from Any Part of India Instantly, Where Computers and Internet Connection Is Available. Contact us for more details.&nbsp;"}, "_id": "8388313"}