{"company_info": {"Email": "thms.recruiters@gmail.com", "Telephone": "9769697764"}, "api_data": {"job_location": ["Navi Mumbai", "Mumbai City"], "jd_id": "8389011", "job_keywords": ["international", " packages", " itinerary"], "job_industry": "Travel / Tourism", "company_name": "[Company Hidden]", "job_experience": "3 to 7 Yrs", "job_title": "Urgent Opening For operation-International (Mumbai)tours travels"}, "other_details": {"Other Skills:": ["international", "packages", "itinerary"], "Industry:": ["Travel / Tourism"], "Department:": ["Tour / Travel Management"]}, "topbox_information": {"salary_information": "Rs 2.5  - 4.5 Lakh/Yr"}, "jd_information": {"description": "Operation international1. File Handling2.Negotiating with suppliers/DMCs3.Taking care of tours operations (hotel bookings, visa &amp; air ticketing4.Coordinate with branches / agents / airlines &amp; hoteliers5.Follow ups &amp; coordination with in house sales &amp; business travel team6.Designing &amp; costing of itinerary , Holiday packages7.Passengers feedback"}, "_id": "8389011"}