{"company_info": {"Company Description": "Established in February 2013, Times Quest Services Pvt.Ltd. is today ranked as the leading provider of travel services in India. Our website timesqholiday.com has emerged as one of the most trusted travel brand in India, Outstanding performance as a Domestic Tour Operator in India and as well as an Inbound Tour Operator over the years.", "Email": "timesquestservices@gmail.com", "Company Name": "Times Quest Services Pvt Ltd", "Telephone": "9821385140"}, "api_data": {"job_location": ["Delhi"], "jd_id": "8390135", "job_keywords": ["travel agency operations", " tour packages", " travel sales", " itinerary", " holiday packages"], "job_industry": "Travel / Tourism", "company_name": "Times Quest Services Pvt Ltd", "job_experience": "3 to 5 Yrs", "job_title": "Urgent Opening for Tour Consultant Domestic / International  in 110092"}, "other_details": {"Other Skills:": ["travel agency operations", "tour packages", "travel sales", "itinerary", "holiday packages"], "Industry:": ["Travel / Tourism"], "Department:": ["Sales / BD", "Tour / Travel Management"]}, "topbox_information": {"salary_information": "Rs 1.5  - 3.0 Lakh/Yr"}, "jd_information": {"description": "-Excellent knowledge in assessing the requirement of customers.-Experience in providing advises to the customers on prices, options and must-see attractions in parts of the world.-Skilled in providing the booking information according to the customer&rsquo;s wish.-Proficient in providing the package according to the budget of the client.-Excellent communication skills in verbal and written both.-Good client facing and negotiation skills.-Confident and have genuine interest in customer satisfaction.-Ability to assess the client&rsquo;s need.-Deal with clients and customers on a daily basis.-Ensure compliance with company's procedures for documentation, ticketing, voids, refunds.-Well versed in basic use of computer.-Internet savvy-Arranging flights, insurance and accommodation.-Using a booking system to secure holidays.-Collecting and processing payments.-Advising clients on travel arrangements, e.g. visas and passports.-Sending out tickets to clients.-Keeping clients up to date with any changes.-Dealing with complaints or refunds-Maintaining the data of customers.-communicate with suppliers.-Customization of Packages.-Mostly Works on Domestic Destination i.e. Himachal, Goa, Kerala, Andaman, Sikkim, Rajasthan.-Mostly Works on International Destination i.e. Thailand, Singapore, Dubai, Malaysia.-Handling all inquiries through Mail and call.-Negotiating with client/guest.-Hotel Reservation.-Provides information on customs regulations, travel itineraries, fares, group discounts and billing.-Handling bookings for hotels, transportation (Bus, Train, Flight) Online Reservation System.(Company Portal)-Handling Tour Document process (Invoice, Receipt, Vouchers, Program )&nbsp;"}, "_id": "8390135"}