{"company_info": {"Company Description": "GroupfareZ.com a travel management company unit of Worldwide travelwale Pvt Ltd \u00a0main agenda deals in Groupfare and Fix DepartureWalkin interview - Office no -376,3rd floor, Aggarwal Cyber Plaza-2 ,Pitampura , new Delhi- 110034 \u00a0near Netaji Subhash place metro stationContact no - 9811114241", "Company Name": "GroupfareZ.com"}, "api_data": {"job_location": ["Delhi"], "jd_id": "8391348", "job_keywords": ["Operation Executive ", "  communication skill"], "job_industry": "Travel / Tourism", "company_name": "GroupfareZ.com", "job_experience": "0 to 1 Yr", "job_title": "Operation Executive"}, "other_details": {"Other Skills:": ["Operation Executive", "communication skill"], "Industry:": ["Travel / Tourism"], "Department:": ["Reservation / Ticketing"]}, "topbox_information": {"salary_information": ""}, "jd_information": {"description": ""}, "_id": "8391348"}