{"company_info": {"Company Description": "About The Company-Antilog Vacations is India\u2019s leading online travel company Offering services to more than 33 countries across the globe and serving customers from 78+ countries, it has emerged as a pioneer in the travel industry that offers vast array of travel products and services to the traveller with Highest Certified Customer Satisfaction ratings of 89 % among the Indian Companies.It is currently recorded as one of the fastest growing online travel company in India. It is an IATA CERTIFIED company.", "Company Name": "Antilog Vacations (A unit of Techzis Technologies)"}, "api_data": {"job_location": ["Chandigarh"], "jd_id": "8393742", "job_keywords": ["Tours  ", "   Ticketing  ", "   Airlines", ""], "job_industry": "Travel / Tourism", "company_name": "Antilog Vacations (A unit of Techzis Technologies)", "job_experience": "0 to 2 Yrs", "job_title": "Online Travel Agent"}, "other_details": {"Department:": ["Internet Marketing"], "Industry:": ["Travel / Tourism"], "Skills:": ["Tours", "Ticketing", "Airlines"]}, "topbox_information": {"salary_information": ""}, "jd_information": {"description": ""}, "_id": "8393742"}