{"company_info": {"Company Name": "T.Y. Tours &amp; Travels"}, "api_data": {"job_location": ["Mumbai City"], "jd_id": "8394454", "job_keywords": ["lift technology ", " Maintaining"], "job_industry": "Travel / Tourism", "company_name": "T.Y. Tours & Travels", "job_experience": "2 to 3 Yrs", "job_title": "Elevator Technician"}, "other_details": {"Other Skills:": ["lift technology", "Maintaining"], "Industry:": ["Travel / Tourism"], "Department:": ["Maintenance"]}, "topbox_information": {"salary_information": ""}, "jd_information": {"description": ""}, "_id": "8394454"}