{"company_info": {"Company Description": "TFG VACATIONS INDIA PRIVATE LIMITEDTFG VACATIONS INDIA PVT.LTD, one of the fast growing company in Travel &amp; Tourism industry is providing online income opportunity.We need committed &amp; result-oriented people who can join hands with us &amp; contribute in the promotion.Earn huge benefits in form of income (weekly/monthly).Come &amp; work in a no target, no selling, no work pressure, no time Boundation &amp; no boss environment.http//careers.tfgholidays.com/TFG VACATIONS INDIA is a travel &amp; tourism company based in India!Besides offering travel &amp; tourism services, worldwide, we offer online promotion work opportunities.TFG VACATIONS INDIA PVT.LTD, one of the fast growing company in Travel &amp; Tourism industry is providing online income opportunity.We need committed &amp; result-oriented people who can join hands with us &amp; contribute in the promotion.Earn huge benefits in form of income (weekly/monthly).Come &amp; work in a no target, no selling, no work pressure, no time Boundation &amp; no boss environment.Nature of Business\u00a0Promotion of Tourism\u00a0services.Income\u00a0You can earn up to Rs.45,000/- per month.Benefit\u00a0No Time Bound, No Skill required.Call Now or Whats app @ 9711169683", "Email": "vikas.ruhi@gmail.com", "Company Name": "TFG VACATIONS   INDIA PRIVATE LIMITED", "Telephone": "9711169683"}, "api_data": {"job_location": ["Bangalore", "Chennai", "Noida", "Hyderabad", "Pune", "Mumbai City", "Chandigarh", "Mangalore", "Mysore", "Other Karnataka"], "jd_id": "8402367", "job_keywords": ["internet media", " facebook marketing", " online advertising", " internet marketing", " online branding", " web marketing", " web promotion", " mobile marketing", " google adwords", " digital marketing"], "job_industry": "Travel / Tourism", "company_name": "TFG VACATIONS   INDIA PRIVATE LIMITED", "job_experience": "0 to 1 Yr", "job_title": "Hiring for online Promotion "}, "other_details": {"Other Skills:": ["internet media", "facebook marketing", "online advertising", "internet marketing", "online branding", "web marketing", "web promotion", "mobile marketing", "google adwords", "digital marketing"], "Industry:": ["Travel / Tourism"], "Department:": ["Networking", "Internet Marketing"]}, "topbox_information": {"salary_information": "Rs 4.5  - 10 Lakh/Yr"}, "jd_information": {"description": "TFG VACATIONS INDIA is a travel &amp; tourism company based in India!Besides offering travel &amp; tourism services, worldwide, we offer online promotion work opportunities.&nbsp;TFG VACATIONS INDIA PVT.LTD, one of the fast growing company in Travel &amp; Tourism industry is providing online income opportunity.We need committed &amp; result-oriented people who can join hands with us &amp; contribute in the promotion.Earn huge benefits in form of income (weekly/monthly).Come &amp; work in a no target, no selling, no work pressure, no time Boundation &amp; no boss environment.Nature of Business:&nbsp;Promotion of Tourism&nbsp;services.Income:&nbsp;You can earn up to Rs.40,000/- per month.Benefit:&nbsp;No Time Bound, No Skill required.Call Now or Whats app @ 9711169683&nbsp;"}, "_id": "8402367"}