{"company_info": {"Company Description": "", "Email": "info@jjindia.co.in", "Company Name": "J.J. India Hiring For J.J. India", "Telephone": "9811008929"}, "api_data": {"job_location": ["Delhi"], "jd_id": "8402419", "job_keywords": ["visa processing", " visa documentation"], "job_industry": "Travel / Tourism", "company_name": "J.J. India Hiring For J.J. India", "job_experience": "2 to 6 Yrs", "job_title": "Required Visa Executive for Travel Co at Lajpat Nagar"}, "other_details": {"Other Skills:": ["visa processing", "visa documentation"], "Industry:": ["Travel / Tourism"], "Department:": ["Finance / Accounts / Tax"]}, "topbox_information": {"salary_information": "Rs 2.0  - 2.5 Lakh/Yr"}, "jd_information": {"description": "Urgently Required visa Executive for Travel Co at Lajpat&nbsp;Nagar. Candidate Should have 2-5 yrs of&nbsp;experience in&nbsp;tours and travel Co and have done visa processing for different countriesGross Salary: Negotiable as per last salaryJob Location: Lajpat&nbsp;nagar-IInterested candidates can meet at J.J.INDIA, B-108, 2nd Floor, Lajpat Nagar, Part-1, New Delhi-110024 Ph: 9811008929, Email: info@jjindia.co.in"}, "_id": "8402419"}