{"company_info": {"Company Description": "TALENT HUNTERS MANPOWER SOLUTION PROP Ashop no.53 , Cine Max Mall, Mira Bhayandar, Beverly Park, Mira Road East, Thane, Maharashtra 401107", "Email": "thmumbai@yahoo.co.in", "Company Name": "TALENT HUNTERS MANPOWER SOLUTION PROP A", "Telephone": "8879967806"}, "api_data": {"job_location": ["Mumbai City"], "jd_id": "8402741", "job_keywords": ["mice", " tours", " basic", "tinerary", " costing", " inbound operation"], "job_industry": "Travel / Tourism", "company_name": "TALENT HUNTERS MANPOWER SOLUTION PROP A", "job_experience": "4 to 8 Yrs", "job_title": "OPENING FOR(TOURS AND TRAVEL)FOR PRODUCT AND CONTRACTING..MUMBAI (INTERNATIONAL)"}, "other_details": {"Other Skills:": ["tinerary", "costing", "inbound operation"], "Department:": ["Tour / Travel Management"], "Industry:": ["Travel / Tourism"], "Skills:": ["mice", "tours", "basic"]}, "topbox_information": {"salary_information": "Rs 3.5  - 5 Lakh/Yr"}, "jd_information": {"description": "TALENT HUNTERS ARE HIRING FOR TOURS AND TRAVEL COMPANYPosition:-Product &amp; ContractingTotal Experience:- min 5 - 9 yrs&nbsp;BASIC REQUIREMENT:&nbsp;&middot; Target domestic corporate selling and marketing major events like Meetings, Incentives, Conference and Exhibition MICE&middot; Must have Knowledge in Domestic Destination&middot; Must have Knowledge in COSTING and NEGOTIATING rates with SUPPLIERS&middot; Discuss clients&rsquo; requirements and provide advice on worldwide destinations, tours, accommodation and flights by understanding the clients&rsquo; interest and purpose of visit.&middot; Designed attractive travel ITINERARIES for clients&middot; Good knowledge of TOURSIM MARKETING technique to encourage destination travel&middot; Excellent Social and Interpersonal Skills with pleasant Personality&middot; Proficiency in Microsoft WORD, EXCEL AND POWERPOINT.&middot; Ability to manage TRAVEL PLANS and ORGANISE task systematic effective ADMINISTRATION and MANAGERIAL skills.&middot; Conducting research according to the requirements of the client.&nbsp;&nbsp;IF YOU FIND THIS JOB SUITABLE TO CAN SEND ME YOUR CV ON THE GIVEN EMAIL ID thmumbai@yahoo.co.in or you can call me on this number 887996786Regards,madhuriTalent Hunters&nbsp;&nbsp;"}, "_id": "8402741"}